IDADE_CLIENTE,RENDA_MENSAL_CLIENTE,BEHAVIOUR_SCORE_CLIENTE,QTD_TRANSACOES_3M,QTD_ITENS_3M,VALOR_GASTO_3M,TICKET_MEDIO_3M,FLAG_ELETRONICOS_3M_1,SATISFACAO_ULTIMA_COMPRA_02_Satisfeito,SATISFACAO_ULTIMA_COMPRA_03_Neutro,SATISFACAO_ULTIMA_COMPRA_04_Insatisfeito,SATISFACAO_ULTIMA_COMPRA_05_Muito_Insatisfeito,SATISFACAO_ULTIMA_COMPRA_Nao_Respondeu
-0.7479824734805126,0.292646026757345,-0.08496269308105724,-0.7368017787909377,-0.2948117965986086,-1.2429165550455794,-0.6624104066294165,0.0,1.0,0.0,0.0,0.0,0.0
0.9068612194890123,1.291615750932064,0.6283344150206547,1.7771187008101657,0.7650637420933216,2.270802905543145,-0.1738565137828557,0.0,0.0,0.0,0.0,0.0,1.0
1.1227103968328636,1.3977418648166762,1.484290944742709,1.1486385809098898,1.2950015114392868,0.09924256449325312,-0.7636850262433716,1.0,0.0,1.0,0.0,0.0,0.0
-0.6760327476992289,0.30879565278326426,0.6996641258308259,-0.10832165889066188,-0.2948117965986086,0.5221146158548031,0.2000476725555864,0.0,0.0,1.0,0.0,0.0,0.0
-1.0357813766056474,-0.15262223367157124,-1.44022719847431,1.1486385809098898,-0.8247495659445737,0.0073138576755248695,-0.8021437425524686,0.0,0.0,0.0,0.0,0.0,0.0
2.3458557351146863,2.279050027945412,1.1276423906918531,1.7771187008101657,1.8249392807852518,1.0348725138825763,-0.6047223321657712,1.0,0.0,1.0,0.0,0.0,0.0
-0.8918819250430801,0.07347253069129817,0.5570047042104835,-0.10832165889066188,-0.2948117965986086,0.3934144263099835,0.11031066783436029,0.0,0.0,1.0,0.0,0.0,0.0
-0.2443343930115268,1.1162769540792266,0.6996641258308259,1.7771187008101657,0.2351259727473565,0.8162864776715335,-0.6809133223647932,0.0,0.0,1.0,0.0,0.0,0.0
-0.02848521566767569,-0.4802289330545045,-1.44022719847431,-0.10832165889066188,-0.2948117965986086,0.20955701267452703,-0.017885053195962702,0.0,1.0,0.0,0.0,0.0,0.0
0.6910120421451613,1.3262220924161767,0.05769672853928516,-0.7368017787909377,0.2351259727473565,-0.18675785671745698,0.44220938958186656,0.0,0.0,0.0,0.0,0.0,1.0
2.633654638239821,0.525662059417037,0.5570047042104835,1.7771187008101657,1.2950015114392868,2.7570036216013523,-0.004339038673758503,0.0,0.0,0.0,0.0,0.0,1.0
-1.1796808281682147,0.3041814739187159,0.6283344150206547,0.5201584610096139,-0.8247495659445737,-0.16020067474789104,-0.6485225368511316,0.0,0.0,0.0,0.0,0.0,1.0
0.6190623163638775,0.733300108321713,0.34301557177996994,1.1486385809098898,0.7650637420933216,2.5997033899354616,0.28239205736406403,0.0,0.0,0.0,0.0,0.0,1.0
1.1946601226141471,-0.1480080548070229,0.6283344150206547,1.1486385809098898,1.2950015114392868,0.1462283479778698,-0.7440283490187222,0.0,0.0,0.0,0.0,0.0,1.0
-0.4601835703553779,0.11269305103995918,-1.0122489336132827,-0.10832165889066188,-0.2948117965986086,0.3280429014618212,0.06475845496158565,0.0,1.0,0.0,0.0,0.0,0.0
0.5471125905825939,0.05962999409765309,0.27168586096979874,-0.7368017787909377,0.7650637420933216,2.248331443876589,2.9890310473842834,0.0,0.0,0.0,0.0,0.0,1.0
-0.8199321992617964,-0.3302681199566829,-0.9409192228031116,-1.3652818986912136,-0.8247495659445737,-1.3246309611057823,0.2712817615414359,0.0,0.0,0.0,0.0,0.0,0.0
-0.5321332961366616,0.6640874253534876,-0.013632982270886038,-0.10832165889066188,-0.2948117965986086,-1.1121735053492547,-0.9394413597759446,1.0,1.0,0.0,0.0,0.0,0.0
-0.38823384457409416,-0.5148352745386171,-0.08496269308105724,-0.7368017787909377,-0.2948117965986086,-0.9569161338348692,-0.36328705755866286,0.0,0.0,0.0,1.0,0.0,0.0
-0.02848521566767569,1.2500881411511289,-0.15629240389122842,-0.7368017787909377,0.2351259727473565,-0.724030076563291,-0.1197151876010492,0.0,1.0,0.0,0.0,0.0,0.0
1.0507606710515798,1.3539071656034667,0.9849829690715107,0.5201584610096139,0.7650637420933216,0.04612820055412124,-0.5406244716506097,1.0,0.0,0.0,0.0,0.0,1.0
0.6190623163638775,1.47156872664945,-0.5129409579420844,-0.10832165889066188,1.2950015114392868,-0.27255798308067003,-0.35401423373746943,0.0,1.0,0.0,0.0,0.0,0.0
-0.6760327476992289,-0.2495199898270867,-0.9409192228031116,0.5201584610096139,-0.2948117965986086,0.2544999360076386,-0.4316581087748351,0.0,0.0,0.0,0.0,0.0,1.0
0.5471125905825939,0.47490609190700506,-0.5129409579420844,-0.7368017787909377,0.2351259727473565,-0.27664370338368016,0.34819919415962974,0.0,1.0,0.0,0.0,0.0,0.0
-1.0357813766056474,-1.0893005431748874,-1.083578644423454,-0.7368017787909377,-0.8247495659445737,-0.30728660565625626,0.316150263902049,0.0,1.0,0.0,0.0,0.0,0.0
-0.8918819250430801,-1.0893005431748874,-2.0821945957658508,-1.3652818986912136,-0.2948117965986086,0.19525699161399152,3.450535643093446,0.0,1.0,0.0,0.0,0.0,0.0
-0.02848521566767569,-1.0893005431748874,0.9849829690715107,-0.10832165889066188,0.2351259727473565,1.8887880572116964,1.1529691988809876,1.0,0.0,0.0,0.0,0.0,1.0
0.762961767926445,-1.0431587545294039,0.8423235474511683,0.5201584610096139,0.7650637420933216,-0.14590065368735555,-0.6410444531243628,0.0,0.0,1.0,0.0,0.0,0.0
-0.1723846672302431,0.6963866774053261,-0.5129409579420844,-0.7368017787909377,0.2351259727473565,-0.8486445458051004,-0.2500475039818776,0.0,0.0,0.0,0.0,0.0,1.0
-0.10043494144895938,-1.0893005431748874,0.41434528259014114,-0.10832165889066188,-1.3546873352905389,0.7080148896417646,0.3296962784242532,0.0,1.0,0.0,0.0,0.0,0.0
-0.7479824734805126,0.1842128234404587,-0.6556003795624268,-1.3652818986912136,-0.2948117965986086,-1.2653880167121352,0.3952042918707482,0.0,0.0,1.0,0.0,0.0,0.0
-0.7479824734805126,-1.0893005431748874,-0.726930090372598,-1.3652818986912136,-2.414562873982469,-1.2470022753485894,0.43366300817984504,0.0,1.0,0.0,0.0,0.0,0.0
-0.8918819250430801,-1.0893005431748874,0.9136532582613395,0.5201584610096139,-0.2948117965986086,0.42814304888556975,-0.34085280637835635,0.0,0.0,1.0,0.0,0.0,0.0
-0.8199321992617964,0.6986937668376003,-0.013632982270886038,-0.7368017787909377,-0.2948117965986086,-1.3144166603482568,-0.737191243897105,0.0,0.0,0.0,0.0,0.0,1.0
-1.4674797312933496,-1.0893005431748874,-0.9409192228031116,-1.3652818986912136,-2.414562873982469,-1.7883602154974336,-0.6987325275880081,1.0,1.0,0.0,0.0,0.0,0.0
-1.4674797312933496,-1.0893005431748874,1.2703018123121954,0.5201584610096139,-0.8247495659445737,-0.32975806732281204,-0.737191243897105,1.0,0.0,0.0,0.0,0.0,1.0
-1.4674797312933496,-0.7870718275469701,0.05769672853928516,-1.3652818986912136,-0.8247495659445737,-1.8006173764064641,-0.7243716717940727,0.0,1.0,0.0,0.0,0.0,0.0
-0.9638316508243637,0.3895437829128605,0.41434528259014114,-0.7368017787909377,-0.8247495659445737,-1.4186025280750156,-0.8461576067728795,1.0,0.0,0.0,0.0,0.0,0.0
1.8422076546457005,1.8199392309228506,1.056312679881682,2.4055988207104413,1.8249392807852518,0.6957577287327342,-0.8720958743280148,1.0,0.0,0.0,0.0,0.0,1.0
-0.9638316508243637,-0.19414984345250644,-0.15629240389122842,-0.7368017787909377,-0.8247495659445737,1.2657157110026493,1.961328683791194,0.0,1.0,0.0,0.0,0.0,0.0
1.3385595741767145,0.38492960404831217,-0.29895182551157085,-0.10832165889066188,0.2351259727473565,0.3055714397952654,0.04907584508887608,0.0,0.0,1.0,0.0,0.0,0.0
-0.8199321992617964,-0.4848431119190528,-1.0122489336132827,-1.3652818986912136,-0.2948117965986086,-1.3389309821663178,0.24136942663436056,0.0,0.0,1.0,0.0,0.0,0.0
0.3312634132387428,1.7161202064705126,0.48567499340031234,1.1486385809098898,0.2351259727473565,2.0297454076655463,0.04394801624766321,0.0,0.0,1.0,0.0,0.0,0.0
-0.6040830219179453,0.4310713926937957,-0.08496269308105724,-0.7368017787909377,-0.2948117965986086,-1.1857164708034373,-0.6025857368152658,0.0,1.0,0.0,0.0,0.0,0.0
-0.5321332961366616,-1.0893005431748874,-1.3688974876641387,-1.3652818986912136,-0.8247495659445737,-1.1121735053492547,0.7156935944465557,1.0,1.0,0.0,0.0,0.0,0.0
-0.8918819250430801,-1.0893005431748874,0.9849829690715107,0.5201584610096139,-0.2948117965986086,0.4322287691885799,-0.338716211027851,1.0,0.0,1.0,0.0,0.0,0.0
0.9068612194890123,-0.08110246127107175,0.6283344150206547,1.1486385809098898,1.2950015114392868,-0.04171478596059686,-0.8226550579173203,0.0,0.0,1.0,0.0,0.0,0.0
0.1873639616761754,1.0239933767882594,0.12902643934945635,0.5201584610096139,0.2351259727473565,-0.5503869636853599,-0.8525673928243956,0.0,1.0,0.0,0.0,0.0,0.0
-0.5321332961366616,0.5833392952238914,-0.08496269308105724,-0.7368017787909377,-0.2948117965986086,-1.0672305820161432,-0.47866320648595356,0.0,1.0,0.0,0.0,0.0,0.0
-1.611379182855917,-0.28412633131119935,0.05769672853928516,-0.7368017787909377,-1.884625104636504,-0.8220873638355345,-0.22227176442530758,1.0,1.0,0.0,0.0,0.0,0.0
-0.8199321992617964,-1.0893005431748874,0.12902643934945635,-1.3652818986912136,-0.2948117965986086,-1.3225881009542773,0.2755549522424467,0.0,0.0,1.0,0.0,0.0,0.0
1.8422076546457005,1.8176321414905765,1.2703018123121954,1.7771187008101657,1.8249392807852518,0.6528576655511277,-0.7379176863162767,1.0,0.0,0.0,0.0,0.0,1.0
-1.1077311023869312,-0.27720506301437686,-0.8695895119929404,-0.7368017787909377,-0.8247495659445737,-0.638229950200078,-0.029978182879823102,0.0,1.0,0.0,0.0,0.0,0.0
-0.10043494144895938,1.019379197923711,-0.5129409579420844,-0.10832165889066188,0.2351259727473565,-0.8180016435325244,-0.7343282061274278,0.0,1.0,0.0,0.0,0.0,0.0
0.04346451011360801,-1.0893005431748874,0.5570047042104835,0.5201584610096139,0.2351259727473565,-0.668872852472654,-0.9145286579890518,0.0,0.0,1.0,0.0,0.0,0.0
-0.4601835703553779,-0.42024460781537587,-1.0122489336132827,-1.3652818986912136,-0.2948117965986086,-1.0468019805010924,0.8524356968789002,0.0,1.0,0.0,0.0,0.0,0.0
-1.5394294570746334,0.02502365261354043,0.12902643934945635,-0.7368017787909377,-1.3546873352905389,-1.0815306030766787,-0.49361937393949123,0.0,1.0,0.0,0.0,0.0,0.0
-0.6040830219179453,-1.0893005431748874,-0.4416112471319132,-1.3652818986912136,-2.414562873982469,-1.1632450091368816,0.6088638269212865,0.0,0.0,0.0,0.0,0.0,1.0
0.5471125905825939,0.9317097994972923,1.3416315231223668,0.5201584610096139,0.7650637420933216,-0.30728660565625626,-0.7254399694693253,1.0,1.0,0.0,0.0,0.0,0.0
-0.3162841187928105,0.46567773417790836,0.5570047042104835,0.5201584610096139,-0.8247495659445737,0.8489722400956147,-0.1207834852763019,0.0,0.0,0.0,0.0,0.0,1.0
1.914157380426984,-1.0893005431748874,-0.4416112471319132,-0.7368017787909377,1.8249392807852518,0.7304863513083204,1.4015407019587836,0.0,0.0,0.0,1.0,0.0,0.0
-1.4674797312933496,-0.0234252254642173,0.12902643934945635,-1.3652818986912136,-1.3546873352905389,-1.089702043682699,0.762698692157674,0.0,0.0,0.0,0.0,0.0,1.0
0.04346451011360801,-1.0893005431748874,0.05769672853928516,-0.7368017787909377,0.2351259727473565,-0.6893014539877048,-0.08339306664245769,0.0,0.0,0.0,0.0,0.0,1.0
2.705604364021105,1.2708519460415963,0.20035615015962754,1.1486385809098898,1.8249392807852518,2.2912315070581957,0.15334169819353868,0.0,0.0,0.0,1.0,0.0,0.0
3.7129005249590765,1.7230414747673353,-0.4416112471319132,-0.10832165889066188,2.354877050131217,2.035873988120062,1.255525775705246,0.0,0.0,0.0,0.0,1.0,0.0
-0.8199321992617964,-0.3741028191698923,-0.9409192228031116,-0.7368017787909377,-0.8247495659445737,-0.6668299923211489,-0.05989051778689847,0.0,1.0,0.0,0.0,0.0,0.0
-1.0357813766056474,-0.47561475418995613,-0.9409192228031116,-1.3652818986912136,-0.8247495659445737,-1.4778454724686627,-0.04920754103437155,0.0,0.0,1.0,0.0,0.0,0.0
0.9068612194890123,-1.0893005431748874,-0.013632982270886038,-0.10832165889066188,0.7650637420933216,-0.062143387475647585,-0.2073155969717699,0.0,1.0,0.0,0.0,0.0,0.0
-1.1077311023869312,-1.0893005431748874,-2.510172860626878,-0.7368017787909377,-1.3546873352905389,-0.10504345065725411,0.5276732036020819,0.0,0.0,0.0,0.0,0.0,0.0
-0.5321332961366616,0.22112625435684552,-0.08496269308105724,-0.10832165889066188,-0.2948117965986086,1.1778727244879312,0.6572790775637386,1.0,0.0,0.0,0.0,0.0,0.0
1.3385595741767145,1.8706951984328826,0.27168586096979874,-0.7368017787909377,0.7650637420933216,0.2585856563106488,0.9079871759920402,0.0,1.0,0.0,0.0,0.0,0.0
0.3312634132387428,0.47721318133927926,0.27168586096979874,-0.10832165889066188,0.2351259727473565,-0.4809297185341874,-0.49930271757183553,0.0,1.0,0.0,0.0,0.0,0.0
-1.2516305539494985,-1.0893005431748874,0.8423235474511683,0.5201584610096139,-0.8247495659445737,-0.22352933944454828,-0.6816397647839649,0.0,0.0,0.0,0.0,0.0,1.0
0.2593136874574591,0.82558368561268,-0.08496269308105724,-0.7368017787909377,0.2351259727473565,-0.5422155230793395,0.0704417985939299,0.0,1.0,0.0,0.0,0.0,0.0
0.8349114937077287,-1.0523871122585005,1.3416315231223668,1.1486385809098898,0.7650637420933216,-0.09891487020273888,-0.8465849258429805,1.0,0.0,0.0,0.0,0.0,1.0
-0.8199321992617964,0.539504596010682,0.6996641258308259,-0.10832165889066188,-0.8247495659445737,0.5793147000969451,0.23995927370302708,0.0,0.0,0.0,0.0,0.0,1.0
1.7702579288644167,1.6884351332832226,1.412961233932538,2.4055988207104413,1.8249392807852518,0.5731861196424298,-0.9087171186356771,1.0,0.0,0.0,0.0,0.0,1.0
0.5471125905825939,1.187796726479726,0.5570047042104835,1.1486385809098898,0.7650637420933216,2.3177886890277617,0.16445199401616678,0.0,0.0,0.0,0.0,0.0,1.0
0.2593136874574591,0.4241501243969732,0.12902643934945635,-0.10832165889066188,0.2351259727473565,-0.5360869426248244,-0.5377614338809324,1.0,1.0,0.0,0.0,0.0,0.0
0.1154142358948917,-0.0857166401356201,-0.7982598011827692,1.1486385809098898,-0.2948117965986086,1.3045300538812457,-0.2594485235241012,0.0,0.0,0.0,0.0,0.0,0.0
-0.10043494144895938,0.36647288859011873,0.27168586096979874,-0.7368017787909377,-0.2948117965986086,-0.809830202926504,-0.2094521923222753,0.0,1.0,0.0,0.0,0.0,0.0
2.9934032671462396,-1.0085524130452912,-0.6556003795624268,-0.10832165889066188,1.8249392807852518,1.5231160900922884,0.8980306416586848,0.0,0.0,0.0,0.0,0.0,1.0
-0.10043494144895938,-1.0893005431748874,0.9136532582613395,-1.3652818986912136,0.2351259727473565,-0.7934873217144635,1.3823113438042351,1.0,0.0,0.0,0.0,0.0,1.0
-0.10043494144895938,0.2580396852732324,0.6283344150206547,1.1486385809098898,0.2351259727473565,1.0144439123675255,-0.38080713943280714,0.0,0.0,0.0,0.0,0.0,1.0
-0.38823384457409416,-1.0893005431748874,-0.4416112471319132,-0.7368017787909377,-0.2948117965986086,-0.9569161338348692,-0.36328705755866286,0.0,1.0,0.0,0.0,0.0,0.0
-0.1723846672302431,0.9593948726845823,0.20035615015962754,-0.10832165889066188,0.2351259727473565,-0.8220873638355345,-0.737191243897105,0.0,1.0,0.0,0.0,0.0,0.0
1.7702579288644167,-0.7017095185528255,-0.5129409579420844,-0.7368017787909377,0.2351259727473565,0.603829021915006,1.26907179022745,0.0,0.0,0.0,1.0,0.0,0.0
0.762961767926445,-0.48715020135132703,0.5570047042104835,-0.10832165889066188,0.7650637420933216,-0.14590065368735555,-0.26573011385458717,0.0,0.0,0.0,0.0,0.0,0.0
-1.2516305539494985,0.13576394536270095,0.27168586096979874,-0.7368017787909377,-0.8247495659445737,-0.18675785671745698,0.44220938958186656,0.0,1.0,0.0,0.0,0.0,0.0
0.5471125905825939,-0.0234252254642173,0.41434528259014114,-0.10832165889066188,-0.8247495659445737,1.453658844941116,0.8495726591092231,1.0,0.0,0.0,0.0,0.0,0.0
1.1946601226141471,1.9883567594788656,1.1989721015020243,0.5201584610096139,1.2950015114392868,0.19117127131098138,-0.4647753367076686,1.0,0.0,0.0,0.0,0.0,1.0
-0.6760327476992289,-1.0893005431748874,0.12902643934945635,-0.10832165889066188,-0.2948117965986086,0.6365147843390871,0.2798281429434575,0.0,0.0,0.0,0.0,0.0,1.0
0.2593136874574591,1.4115844014103212,-2.7954917038675626,-0.7368017787909377,0.7650637420933216,1.4066730614564993,2.1087537629760655,0.0,1.0,0.0,0.0,0.0,0.0
0.4032131390200265,-1.0893005431748874,-3.294799679538761,0.5201584610096139,0.7650637420933216,2.0011453655444753,0.48173640356621616,0.0,1.0,0.0,0.0,0.0,0.0
-1.4674797312933496,-0.5079140062417946,0.05769672853928516,-1.3652818986912136,-1.3546873352905389,-0.8547731262596157,1.2541156227739123,0.0,0.0,0.0,0.0,0.0,1.0
-1.611379182855917,-1.0893005431748874,-1.5828866200946523,-0.7368017787909377,-1.3546873352905389,-0.8731588676231613,-0.2756866481879422,0.0,0.0,0.0,0.0,0.0,1.0
0.04346451011360801,-0.9047333885929532,1.056312679881682,-0.10832165889066188,0.2351259727473565,-0.6872585938361997,-0.6431810484748681,1.0,0.0,0.0,0.0,0.0,1.0
-0.4601835703553779,-1.0893005431748874,-0.5842706687522556,-1.3652818986912136,-2.414562873982469,-1.0120733579255061,0.9250799387960832,0.0,0.0,0.0,0.0,0.0,1.0
-1.0357813766056474,0.525662059417037,-0.9409192228031116,-1.3652818986912136,-0.8247495659445737,-1.486016913074683,-0.06630030383841462,0.0,1.0,0.0,0.0,0.0,0.0
-0.10043494144895938,-1.0893005431748874,-0.8695895119929404,-1.3652818986912136,-2.414562873982469,-0.8057444826234939,1.3566721995981705,0.0,0.0,0.0,0.0,0.0,1.0
-1.5394294570746334,-0.3279610305244088,0.12902643934945635,-0.7368017787909377,-1.3546873352905389,-1.065187721864638,-0.4765266111354482,0.0,0.0,1.0,0.0,0.0,0.0
-0.7479824734805126,-1.0893005431748874,0.20035615015962754,-0.7368017787909377,-0.2948117965986086,0.550714657975874,1.21352031111431,0.0,0.0,0.0,0.0,0.0,1.0
-1.4674797312933496,-1.0893005431748874,0.9136532582613395,-0.10832165889066188,-1.3546873352905389,-0.8772445879261714,-0.7756499602062018,0.0,0.0,1.0,0.0,0.0,0.0
1.3385595741767145,-1.0893005431748874,-0.15629240389122842,-1.3652818986912136,-2.414562873982469,0.2851428382802147,3.63855603393792,0.0,0.0,0.0,0.0,0.0,1.0
-1.2516305539494985,-1.0893005431748874,-1.3688974876641387,-0.7368017787909377,-0.8247495659445737,-1.6351457041345532,-1.07263671392645,0.0,0.0,0.0,0.0,0.0,0.0
-0.8918819250430801,-1.0893005431748874,0.9849829690715107,0.5201584610096139,-0.2948117965986086,0.16461408934141544,-0.47866320648595356,1.0,0.0,0.0,0.0,0.0,1.0
1.0507606710515798,-0.30950431506621534,-0.8695895119929404,-0.7368017787909377,1.2950015114392868,0.08698540358422269,0.728513166549588,0.0,1.0,0.0,0.0,0.0,0.0
-0.1723846672302431,1.0609068077046462,-0.29895182551157085,-1.3652818986912136,-0.2948117965986086,-0.8118730630780091,1.3438526274951383,0.0,0.0,0.0,0.0,0.0,1.0
0.762961767926445,-1.0893005431748874,-2.0108648849556796,-0.10832165889066188,-0.2948117965986086,1.2759300117601748,0.7256501287799109,0.0,1.0,0.0,0.0,0.0,0.0
-0.8918819250430801,0.38262251461603797,0.41434528259014114,-0.7368017787909377,-0.2948117965986086,-1.375702464893409,-0.8012891044122664,1.0,1.0,0.0,0.0,0.0,0.0
0.3312634132387428,1.2200959785315644,0.34301557177996994,-0.10832165889066188,-0.2948117965986086,-0.4523296764131164,-0.4793896489051255,0.0,1.0,0.0,0.0,0.0,0.0
-1.0357813766056474,0.7194575717280679,-1.5115569092844812,-1.3652818986912136,-0.8247495659445737,-1.4921454935291982,-0.07911987594144691,0.0,1.0,0.0,0.0,0.0,0.0
0.1873639616761754,0.5810322057916173,1.3416315231223668,0.5201584610096139,0.2351259727473565,-0.5871584464124512,-0.871796750978944,1.0,0.0,0.0,0.0,0.0,1.0
0.5471125905825939,0.3480161731319253,-0.5129409579420844,-0.7368017787909377,0.2351259727473565,-0.29298658459572074,0.33110643135558665,0.0,0.0,0.0,0.0,0.0,1.0
0.6910120421451613,1.021686287355985,-0.29895182551157085,-0.7368017787909377,0.2351259727473565,-0.15407209429337584,0.4763949151899527,0.0,1.0,0.0,0.0,0.0,0.0
0.3312634132387428,0.3895437829128605,0.27168586096979874,-0.10832165889066188,0.2351259727473565,-0.4931868794432178,-0.507849098973857,0.0,1.0,0.0,0.0,0.0,0.0
0.4751628648013102,1.6815138649864,0.7709938366409971,-0.10832165889066188,0.2351259727473565,-0.34405808838334756,-0.40388236921826515,0.0,0.0,0.0,0.0,0.0,1.0
2.0580568319895516,-1.0893005431748874,-0.15629240389122842,-0.10832165889066188,1.8249392807852518,0.8203721979745436,0.40802386397378043,0.0,0.0,0.0,0.0,0.0,1.0
1.482459025739282,1.420812759139418,0.9849829690715107,1.1486385809098898,1.8249392807852518,0.41997160827954944,-0.6295068382316337,1.0,0.0,0.0,0.0,0.0,1.0
0.6910120421451613,0.4795202707715534,0.34301557177996994,-0.7368017787909377,0.7650637420933216,-0.18267213641444685,0.44648258028287735,0.0,1.0,0.0,0.0,0.0,0.0
2.705604364021105,0.011181116019895363,-0.726930090372598,-0.10832165889066188,0.2351259727473565,1.2922728929722154,0.7370595479516094,0.0,1.0,0.0,0.0,0.0,0.0
-0.02848521566767569,-1.0893005431748874,0.05769672853928516,-0.10832165889066188,0.2351259727473565,-0.7117729156542606,-0.6602738112789112,0.0,0.0,0.0,0.0,0.0,1.0
-0.5321332961366616,0.4080004983710539,0.7709938366409971,1.1486385809098898,-0.2948117965986086,0.4526573707036306,-0.6158326279883993,0.0,0.0,1.0,0.0,0.0,0.0
-0.1723846672302431,0.12884267706587843,0.34301557177996994,-0.10832165889066188,-0.2948117965986086,-0.867030287168646,-0.768513731735514,0.0,0.0,0.0,0.0,0.0,1.0
0.04346451011360801,-0.041881940922410724,-0.15629240389122842,0.5201584610096139,-0.8247495659445737,0.9654152687314037,-0.05989051778689847,0.0,1.0,0.0,0.0,0.0,0.0
0.04346451011360801,0.8648042059613411,0.05769672853928516,-0.7368017787909377,0.2351259727473565,-0.693387174290715,-0.08766625734346845,0.0,0.0,0.0,1.0,0.0,0.0
-0.3162841187928105,0.17037028684681363,1.056312679881682,1.1486385809098898,0.2351259727473565,0.7917721558534726,-0.47396269671484165,1.0,0.0,0.0,0.0,0.0,1.0
-0.1723846672302431,-1.0893005431748874,0.34301557177996994,-0.7368017787909377,-2.414562873982469,1.4740874464561668,2.179261409542743,0.0,1.0,0.0,0.0,0.0,0.0
0.2593136874574591,0.9986153930332434,1.1989721015020243,-0.10832165889066188,0.2351259727473565,-0.5013583200492381,-0.5135751745132116,1.0,0.0,1.0,0.0,0.0,0.0
0.762961767926445,1.2846944826352413,0.9136532582613395,1.1486385809098898,0.7650637420933216,-0.13772921308133526,-0.8628230505068215,0.0,0.0,1.0,0.0,0.0,0.0
-0.6760327476992289,0.3503232625641995,-0.22762211470139962,-0.7368017787909377,-0.2948117965986086,-1.2122736527730034,-0.6303614763718358,0.0,0.0,0.0,0.0,0.0,0.0
1.7702579288644167,-1.0893005431748874,-0.4416112471319132,-0.7368017787909377,1.8249392807852518,0.6303862038845719,1.2968475297840198,0.0,0.0,0.0,0.0,0.0,1.0
-1.5394294570746334,-0.7155520551464706,0.12902643934945635,-0.7368017787909377,-1.3546873352905389,-1.0733591624706584,-0.4850729925374697,1.0,0.0,0.0,0.0,0.0,0.0
-0.38823384457409416,-1.0893005431748874,-0.7982598011827692,-1.3652818986912136,-2.414562873982469,-0.9834733158044352,0.9849046086102339,0.0,0.0,0.0,1.0,0.0,0.0
1.1946601226141471,-1.0893005431748874,1.1989721015020243,1.1486385809098898,1.2950015114392868,0.17687125025044587,-0.7312087769156899,1.0,0.0,0.0,0.0,0.0,1.0
1.6983082030831331,-1.0893005431748874,0.8423235474511683,1.1486385809098898,1.8249392807852518,0.5425432173698538,-0.5782285498195044,0.0,0.0,0.0,0.0,0.0,1.0
-0.6040830219179453,-1.0893005431748874,-2.224854017386193,-1.3652818986912136,-0.8247495659445737,1.4781731667591769,6.134099403328208,0.0,0.0,1.0,0.0,0.0,0.0
-1.0357813766056474,-1.0893005431748874,0.9136532582613395,0.5201584610096139,-0.8247495659445737,0.2401999149471031,-0.43913619250160396,0.0,0.0,0.0,0.0,0.0,1.0
-1.0357813766056474,-1.0893005431748874,0.6283344150206547,0.5201584610096139,-1.884625104636504,-0.06622910777865773,-0.5993808437895077,0.0,0.0,0.0,0.0,0.0,1.0
0.1873639616761754,1.137040758969694,0.48567499340031234,1.1486385809098898,0.2351259727473565,2.0297454076655463,0.04394801624766321,0.0,0.0,1.0,0.0,0.0,0.0
0.6190623163638775,1.021686287355985,0.05769672853928516,-0.10832165889066188,-0.2948117965986086,1.819330812060524,1.1045539482385354,0.0,1.0,0.0,0.0,0.0,0.0
2.489755186677254,2.685097768025667,1.412961233932538,3.034078940610717,2.354877050131217,1.1492726823668602,-0.865386964927428,1.0,0.0,0.0,0.0,0.0,1.0
1.0507606710515798,-1.0893005431748874,1.3416315231223668,0.5201584610096139,0.7650637420933216,0.0706425223721821,-0.5278048995475774,1.0,0.0,0.0,0.0,0.0,1.0
-0.6760327476992289,-1.0893005431748874,0.9136532582613395,1.1486385809098898,-0.2948117965986086,1.196258465851477,-0.30474434495481545,1.0,0.0,1.0,0.0,0.0,0.0
0.6190623163638775,0.9963083036009692,0.48567499340031234,-0.10832165889066188,0.7650637420933216,-0.24804366126260916,-0.3369214709334264,0.0,0.0,1.0,0.0,0.0,0.0
0.6910120421451613,-1.0893005431748874,0.8423235474511683,0.5201584610096139,0.7650637420933216,-0.1642863950509012,-0.650659132201637,0.0,0.0,0.0,0.0,0.0,1.0
-0.1723846672302431,0.64332362046302,0.27168586096979874,-0.10832165889066188,0.2351259727473565,-0.809830202926504,-0.7286448624950834,0.0,1.0,0.0,0.0,0.0,0.0
0.4751628648013102,-0.9093475674575016,1.484290944742709,0.5201584610096139,0.7650637420933216,-0.3461009485348526,-0.7457376252991265,1.0,0.0,0.0,0.0,0.0,1.0
-0.6760327476992289,-1.0893005431748874,-0.726930090372598,-1.3652818986912136,-0.2948117965986086,-1.1693735895913968,0.5960442548182542,0.0,0.0,0.0,1.0,0.0,0.0
-0.1723846672302431,-1.0893005431748874,-1.2975677768539675,-0.10832165889066188,-0.8247495659445737,0.5711432594909248,0.23423319816367252,0.0,1.0,0.0,0.0,0.0,0.0
-0.6760327476992289,-1.0893005431748874,-2.510172860626878,0.5201584610096139,-1.3546873352905389,0.3668572443404176,-0.3729017366359371,1.0,0.0,0.0,0.0,0.0,0.0
-0.02848521566767569,-0.3279610305244088,-0.4416112471319132,-0.7368017787909377,0.2351259727473565,0.916386625095282,1.5959708788547735,0.0,0.0,0.0,0.0,0.0,1.0
0.9068612194890123,1.1001273280533073,0.48567499340031234,1.1486385809098898,1.2950015114392868,-0.04171478596059686,-0.8226550579173203,0.0,1.0,0.0,0.0,0.0,0.0
1.6983082030831331,2.1014041416603004,0.9849829690715107,2.4055988207104413,1.8249392807852518,0.5527575181273792,-0.9148277813381225,1.0,0.0,1.0,0.0,0.0,0.0
1.482459025739282,1.6699784178250292,0.9136532582613395,1.7771187008101657,1.2950015114392868,0.3995430067644987,-0.8262018061991593,0.0,0.0,0.0,0.0,0.0,1.0
-1.5394294570746334,-0.34872483541487637,0.05769672853928516,-0.7368017787909377,-1.3546873352905389,-1.0856163233796887,-0.497892564640502,0.0,1.0,0.0,0.0,0.0,0.0
1.482459025739282,2.302120922268154,0.5570047042104835,1.1486385809098898,1.2950015114392868,3.4801761152341477,0.6507410957911918,0.0,0.0,0.0,0.0,0.0,1.0
0.4751628648013102,1.2085605313701935,1.056312679881682,0.5201584610096139,0.7650637420933216,-0.3787867109589338,-0.7628303881031695,1.0,0.0,0.0,0.0,0.0,1.0
0.8349114937077287,1.1024344174855814,0.7709938366409971,0.5201584610096139,0.7650637420933216,-0.10095773035424396,-0.6175419042688035,0.0,0.0,0.0,0.0,0.0,1.0
-1.1796808281682147,-1.0893005431748874,-1.0122489336132827,-1.3652818986912136,-0.8247495659445737,-0.97734473534992,0.9977241807132662,0.0,1.0,0.0,0.0,0.0,0.0
1.8422076546457005,0.7794418969671966,-0.013632982270886038,1.1486385809098898,1.8249392807852518,0.6569433858541378,-0.5303688139681839,0.0,1.0,0.0,0.0,0.0,0.0
0.5471125905825939,1.7784116211419154,0.6996641258308259,0.5201584610096139,0.7650637420933216,-0.2848151439897005,-0.7136886950415458,0.0,0.0,1.0,0.0,0.0,0.0
-1.1077311023869312,0.21881916492457135,0.9136532582613395,0.5201584610096139,-0.8247495659445737,0.22998561418957775,-0.44447768087786743,1.0,0.0,0.0,0.0,0.0,1.0
3.2092524444900907,1.4508049217589822,1.2703018123121954,3.034078940610717,3.944690358169112,1.6702020210006536,-0.7291576453792047,1.0,0.0,1.0,0.0,0.0,0.0
0.5471125905825939,1.1854896370474517,1.6269503663630516,2.4055988207104413,0.7650637420933216,2.415845976300005,-0.35811649681043994,1.0,0.0,0.0,0.0,0.0,1.0
0.4751628648013102,-1.0154736813421137,-0.7982598011827692,-0.7368017787909377,-1.3546873352905389,-0.37470099065592366,0.24564261733537132,1.0,0.0,0.0,0.0,0.0,0.0
0.1154142358948917,1.070135165433743,-0.37028153632174204,-1.3652818986912136,0.2351259727473565,-0.6218870689880374,1.7412593626891395,0.0,0.0,0.0,0.0,0.0,1.0
-0.5321332961366616,-1.0893005431748874,0.9849829690715107,-0.10832165889066188,-0.2948117965986086,0.38115726540095307,0.10176428643233876,1.0,0.0,0.0,0.0,0.0,1.0
0.5471125905825939,-0.9647177138320818,-0.15629240389122842,-0.10832165889066188,0.2351259727473565,-0.2950294447472258,-0.369696843610179,0.0,0.0,0.0,0.0,0.0,1.0
-0.9638316508243637,-1.0893005431748874,0.5570047042104835,-0.10832165889066188,-0.8247495659445737,0.1462283479778698,-0.06202711313740385,0.0,0.0,0.0,0.0,0.0,1.0
1.9861071062082678,0.3780083357514896,-0.22762211470139962,1.1486385809098898,0.7650637420933216,1.905130938423737,-0.008184910304668096,0.0,0.0,0.0,0.0,0.0,0.0
0.6190623163638775,1.2593164988802255,-1.44022719847431,-0.7368017787909377,2.884814819477182,2.311660108573246,3.05526550324995,0.0,0.0,0.0,0.0,0.0,1.0
-0.38823384457409416,-1.0893005431748874,-1.9395351741455082,-1.3652818986912136,-0.2948117965986086,-1.0161590782285164,0.9165335573940616,0.0,0.0,0.0,0.0,1.0,0.0
1.3385595741767145,0.28341766902824833,-0.6556003795624268,-1.3652818986912136,0.2351259727473565,0.2585856563106488,3.5830045548247798,0.0,1.0,0.0,0.0,0.0,0.0
-0.7479824734805126,0.40338631950650555,0.41434528259014114,-0.7368017787909377,-0.2948117965986086,-1.2715165971666504,-0.6923227415364919,0.0,1.0,0.0,0.0,0.0,0.0
-0.6040830219179453,-1.0893005431748874,-1.7255460417149948,-0.10832165889066188,-0.8247495659445737,0.07677110282669733,-0.11044236377985577,0.0,0.0,0.0,0.0,0.0,1.0
-0.02848521566767569,-1.0893005431748874,0.34301557177996994,0.5201584610096139,-0.2948117965986086,1.087986877821708,0.00420734272826303,0.0,1.0,0.0,0.0,0.0,0.0
-0.7479824734805126,-1.0893005431748874,-2.0821945957658508,-1.3652818986912136,-0.2948117965986086,0.9306866461558175,4.988884295457322,0.0,0.0,0.0,0.0,0.0,1.0
1.7702579288644167,1.5453955884822235,1.5556206555528802,2.4055988207104413,1.8249392807852518,0.5956575813089857,-0.9020082092350902,1.0,0.0,0.0,0.0,0.0,1.0
0.1873639616761754,-0.6209613884232293,-1.5828866200946523,-0.7368017787909377,0.2351259727473565,0.7958578761564827,1.469911753174956,0.0,0.0,0.0,0.0,0.0,1.0
-0.6040830219179453,-0.15954350196839379,-0.9409192228031116,-0.10832165889066188,-0.8247495659445737,0.10741400509927342,-0.08907641027480194,0.0,1.0,0.0,0.0,0.0,0.0
1.6983082030831331,-1.0893005431748874,0.8423235474511683,1.1486385809098898,1.8249392807852518,0.550714657975874,-0.5748099972586959,0.0,0.0,1.0,0.0,0.0,0.0
-0.1723846672302431,-1.0893005431748874,-0.5129409579420844,-1.3652818986912136,0.2351259727473565,0.5425432173698538,4.176978062265277,0.0,0.0,0.0,0.0,0.0,1.0
0.3312634132387428,-1.0893005431748874,0.27168586096979874,-0.7368017787909377,-2.414562873982469,0.4567430910066408,1.1152369249910623,0.0,0.0,0.0,0.0,0.0,1.0
-0.4601835703553779,1.1624187427247101,0.20035615015962754,-0.7368017787909377,-0.2948117965986086,-1.0182019383800214,-0.4273849180738244,0.0,0.0,0.0,0.0,0.0,1.0
-0.8918819250430801,0.5187407911202144,0.9849829690715107,-0.10832165889066188,-0.2948117965986086,-1.377745325044914,-1.1246414447577509,1.0,0.0,0.0,0.0,0.0,1.0
1.3385595741767145,2.0783332473375586,0.9849829690715107,1.1486385809098898,1.2950015114392868,0.2483713555531234,-0.7012964420086145,1.0,0.0,0.0,0.0,0.0,1.0
-0.6040830219179453,0.8209695067481317,0.6996641258308259,-0.10832165889066188,-0.2948117965986086,0.2687999570681741,0.023436700882811478,0.0,0.0,0.0,0.0,0.0,1.0
0.1873639616761754,-0.5725125103454716,-1.2262380660437964,0.5201584610096139,-0.2948117965986086,0.6201719031270465,-0.24043282490460335,0.0,0.0,0.0,1.0,0.0,0.0
-0.4601835703553779,0.09423633558176576,-0.15629240389122842,-1.3652818986912136,-0.2948117965986086,-1.0488448406525974,0.8481625061778894,0.0,0.0,0.0,0.0,1.0,0.0
-0.6040830219179453,0.3733941568869413,-0.22762211470139962,-0.7368017787909377,-0.2948117965986086,-1.153030708379356,-0.5684002112071797,0.0,0.0,0.0,0.0,0.0,0.0
1.5544087515205656,2.6158850850574416,0.27168586096979874,-0.7368017787909377,1.8249392807852518,0.42814304888556975,1.085324590083987,0.0,0.0,1.0,0.0,0.0,0.0
0.1873639616761754,-1.0893005431748874,-2.224854017386193,0.5201584610096139,0.2351259727473565,1.1860441650939515,0.055485631140392226,1.0,1.0,0.0,0.0,0.0,0.0
-1.5394294570746334,-0.3764099086021665,0.12902643934945635,-0.7368017787909377,-1.3546873352905389,-1.0672305820161432,-0.47866320648595356,0.0,0.0,0.0,0.0,0.0,1.0
-0.9638316508243637,0.8301978644772284,-1.083578644423454,-0.7368017787909377,-0.2948117965986086,-0.5115726208067635,0.10249072885151066,0.0,0.0,0.0,1.0,0.0,0.0
-1.1796808281682147,-1.0893005431748874,-1.796875752525166,-0.7368017787909377,-0.8247495659445737,-0.327715207171307,0.29478431039699515,0.0,0.0,0.0,0.0,0.0,0.0
-0.6760327476992289,0.39185087234513466,0.6283344150206547,0.5201584610096139,-0.2948117965986086,0.804029316762503,-0.1442860341318611,0.0,0.0,1.0,0.0,0.0,0.0
-0.6040830219179453,0.7286859294571646,1.056312679881682,1.1486385809098898,-0.2948117965986086,1.6293448179705523,-0.12356105923195879,1.0,0.0,0.0,0.0,0.0,1.0
-0.6760327476992289,0.39646505120968306,-0.15629240389122842,-0.7368017787909377,-0.2948117965986086,-1.2388308347425692,-0.6581372159284058,0.0,1.0,0.0,0.0,0.0,0.0
-0.3162841187928105,-0.812449811301986,0.27168586096979874,-0.10832165889066188,0.2351259727473565,-0.9548732736833642,-0.8297912863880083,0.0,1.0,0.0,0.0,0.0,0.0
0.6910120421451613,-1.0893005431748874,1.3416315231223668,0.5201584610096139,0.7650637420933216,-0.15815781459638598,-0.6474542391758789,1.0,0.0,1.0,0.0,0.0,0.0
-0.8918819250430801,0.46106355531336,0.9136532582613395,-0.10832165889066188,-0.2948117965986086,-1.377745325044914,-1.1246414447577509,0.0,0.0,0.0,0.0,0.0,1.0
1.7702579288644167,-1.0893005431748874,1.412961233932538,1.7771187008101657,1.8249392807852518,0.5977004414604907,-0.7571470444708251,1.0,0.0,0.0,0.0,0.0,1.0
0.9788109452702961,0.292646026757345,0.34301557177996994,1.1486385809098898,1.2950015114392868,0.015485298281545158,-0.79872518999166,0.0,1.0,0.0,0.0,0.0,0.0
0.3312634132387428,0.28341766902824833,0.34301557177996994,-0.10832165889066188,-0.2948117965986086,-0.46050111701913665,-0.4850729925374697,0.0,1.0,0.0,0.0,0.0,0.0
0.2593136874574591,1.5938444665599814,0.7709938366409971,1.7771187008101657,0.2351259727473565,1.7212735247882804,-0.3654236529091683,0.0,0.0,0.0,0.0,0.0,1.0
0.9068612194890123,-0.22414200607207077,-0.22762211470139962,-0.10832165889066188,-0.8247495659445737,1.5803161743344305,0.9378995108991155,0.0,1.0,0.0,0.0,0.0,0.0
-1.1796808281682147,-1.0893005431748874,-1.1549083552336252,-1.3652818986912136,-1.884625104636504,-1.6228885432255227,-0.352604080806136,0.0,1.0,0.0,0.0,0.0,0.0
-1.1077311023869312,-0.5840479575068425,0.6283344150206547,-0.10832165889066188,-0.8247495659445737,0.2851428382802147,0.03484612005451029,0.0,0.0,0.0,0.0,0.0,1.0
-0.10043494144895938,1.148576206131065,0.9849829690715107,1.7771187008101657,0.2351259727473565,1.9439452813023335,-0.2877797778718026,1.0,0.0,0.0,0.0,0.0,1.0
-1.4674797312933496,-0.03265358319331401,0.5570047042104835,-0.7368017787909377,-0.8247495659445737,-0.48501543883719755,0.13026646840808065,0.0,0.0,0.0,0.0,0.0,1.0
1.5544087515205656,0.12884267706587843,-0.013632982270886038,-0.10832165889066188,1.2950015114392868,0.43631448949159,0.14022300274143565,0.0,0.0,0.0,0.0,0.0,1.0
2.41780546089597,-1.0893005431748874,-0.9409192228031116,0.5201584610096139,-0.2948117965986086,1.0900297379732131,0.0052756404035157215,0.0,0.0,0.0,0.0,0.0,1.0
2.2019562835521187,-1.0893005431748874,1.2703018123121954,1.7771187008101657,2.354877050131217,0.9286437860043124,-0.6417708955435346,1.0,0.0,0.0,0.0,0.0,1.0
-1.3955300055120659,-0.43178005497674676,0.34301557177996994,-0.7368017787909377,-1.3546873352905389,-0.583072726109441,0.027709891583822244,0.0,1.0,0.0,0.0,0.0,0.0
-0.7479824734805126,-1.0893005431748874,0.6996641258308259,0.5201584610096139,-0.2948117965986086,0.6263004835815618,-0.23722793187884528,0.0,0.0,0.0,0.0,0.0,1.0
1.0507606710515798,0.6894654091085036,0.9136532582613395,1.1486385809098898,1.2950015114392868,0.06859966222067704,-0.776504598346404,1.0,0.0,0.0,0.0,0.0,1.0
1.3385595741767145,1.1854896370474517,0.9136532582613395,1.1486385809098898,1.2950015114392868,0.2892285585832248,-0.6842036792045714,0.0,0.0,0.0,0.0,0.0,1.0
-1.1077311023869312,-1.0893005431748874,1.056312679881682,-0.7368017787909377,-0.8247495659445737,0.029785319342080663,0.6686884967354372,1.0,0.0,0.0,0.0,0.0,1.0
-1.0357813766056474,-1.0893005431748874,-2.510172860626878,-1.3652818986912136,-1.3546873352905389,-0.3522295289893678,2.3053205352225605,0.0,1.0,0.0,0.0,0.0,0.0
0.4032131390200265,-0.512528185106343,0.8423235474511683,1.1486385809098898,0.2351259727473565,-0.41351533353452,-0.9781991994341122,0.0,0.0,1.0,0.0,0.0,0.0
-0.10043494144895938,0.9686232304136791,-0.15629240389122842,-0.10832165889066188,0.2351259727473565,-0.7710158600479077,-0.7015955653576852,0.0,1.0,0.0,0.0,0.0,0.0
0.9788109452702961,-1.0893005431748874,0.8423235474511683,1.7771187008101657,1.2950015114392868,1.341301536608337,-0.497892564640502,0.0,0.0,1.0,0.0,0.0,0.0
-0.1723846672302431,-0.22414200607207077,-0.7982598011827692,-0.7368017787909377,-0.2948117965986086,1.337215816305327,2.0361095210588824,0.0,1.0,0.0,0.0,0.0,0.0
-0.6760327476992289,-0.40178789235718243,0.6996641258308259,-0.7368017787909377,-0.2948117965986086,-1.230659394136549,-0.6495908345263842,0.0,0.0,1.0,0.0,0.0,0.0
-0.8199321992617964,-0.20107111174932898,0.12902643934945635,-1.3652818986912136,-1.884625104636504,-1.3001166392877213,0.32256004995356513,1.0,0.0,0.0,0.0,0.0,0.0
-0.02848521566767569,-0.1687718596974905,-0.37028153632174204,-1.3652818986912136,-0.2948117965986086,-0.7608015592903823,1.4506823950204075,0.0,1.0,0.0,0.0,0.0,0.0
-0.2443343930115268,-1.0893005431748874,-2.8668214146777338,-1.3652818986912136,-0.2948117965986086,0.8734865619136755,4.869234955829021,0.0,1.0,0.0,0.0,0.0,0.0
0.3312634132387428,-1.0893005431748874,1.1989721015020243,1.1486385809098898,0.7650637420933216,0.6487719452481175,-0.5337873665289924,1.0,0.0,1.0,0.0,0.0,0.0
-1.3235802797307823,1.5984586454245295,0.27168586096979874,1.7771187008101657,1.2950015114392868,2.806032265237474,0.012753724130284562,0.0,1.0,0.0,0.0,0.0,0.0
0.5471125905825939,-0.5678983314809233,-0.5842706687522556,1.1486385809098898,0.7650637420933216,-0.30115802520174106,-0.9311941017229938,1.0,1.0,0.0,0.0,0.0,0.0
0.4032131390200265,-1.0893005431748874,-2.0108648849556796,-1.3652818986912136,0.7650637420933216,1.7498735669093515,6.70243376656264,0.0,0.0,0.0,0.0,0.0,1.0
-0.2443343930115268,-0.5794337786422942,-0.013632982270886038,-0.7368017787909377,0.2351259727473565,-0.922187511259283,-0.32696493660007137,0.0,0.0,0.0,0.0,0.0,1.0
-0.10043494144895938,0.29956729505416757,-1.0122489336132827,-0.7368017787909377,-0.2948117965986086,0.40771444737051904,1.063958636578933,0.0,1.0,0.0,0.0,0.0,0.0
-0.5321332961366616,-1.0893005431748874,0.9849829690715107,-0.10832165889066188,-0.2948117965986086,0.38524298570396326,0.10462732420201604,1.0,0.0,1.0,0.0,0.0,0.0
0.4032131390200265,0.8947963685809054,-0.5129409579420844,-0.7368017787909377,-0.2948117965986086,-0.44007251550408594,0.17727156611919906,0.0,1.0,0.0,0.0,0.0,0.0
-0.6760327476992289,-1.0893005431748874,-2.224854017386193,-0.7368017787909377,-0.8247495659445737,1.4761303066076719,2.1813980048932486,0.0,1.0,0.0,0.0,0.0,0.0
-0.5321332961366616,-1.0893005431748874,-0.6556003795624268,-1.3652818986912136,-0.2948117965986086,-1.091744903834204,0.7584255014566633,0.0,0.0,0.0,0.0,0.0,1.0
-0.1723846672302431,-0.3164255833630379,0.5570047042104835,1.1486385809098898,0.2351259727473565,1.4209730825170348,-0.21073414953257857,0.0,0.0,1.0,0.0,0.0,0.0
1.3385595741767145,1.9745142228852206,0.34301557177996994,0.5201584610096139,1.2950015114392868,0.2892285585832248,-0.4134970482955394,0.0,1.0,0.0,0.0,0.0,0.0
-1.3955300055120659,-1.0893005431748874,-0.8695895119929404,-1.3652818986912136,-2.414562873982469,-1.2224879535305286,0.48494129659197427,0.0,0.0,0.0,0.0,0.0,1.0
-0.5321332961366616,-0.24029163209799,-0.9409192228031116,-1.3652818986912136,-0.8247495659445737,-0.29298658459572074,2.429243065551873,0.0,0.0,0.0,0.0,0.0,1.0
-0.8918819250430801,-0.34641774598260217,0.12902643934945635,-1.3652818986912136,-0.2948117965986086,-1.3368881220148128,0.24564261733537132,0.0,1.0,0.0,0.0,0.0,0.0
-0.7479824734805126,-1.0893005431748874,-1.1549083552336252,-1.3652818986912136,-0.2948117965986086,-1.2510879956515997,0.4251166267778235,0.0,0.0,0.0,1.0,0.0,0.0
-0.1723846672302431,0.09423633558176576,-0.4416112471319132,-0.10832165889066188,-1.3546873352905389,-0.8404731051990801,-0.7500108160001372,0.0,0.0,0.0,0.0,0.0,1.0
0.1154142358948917,-1.0893005431748874,1.056312679881682,1.7771187008101657,0.2351259727473565,1.506773208880248,-0.4402044901768567,1.0,0.0,0.0,0.0,0.0,1.0
0.1154142358948917,0.3503232625641995,0.5570047042104835,1.1486385809098898,0.2351259727473565,1.4516159847896108,-0.19791457742954627,0.0,0.0,1.0,0.0,0.0,0.0
2.3458557351146863,-1.0893005431748874,-0.726930090372598,-1.3652818986912136,-2.414562873982469,1.0389582341855863,5.215363402610893,0.0,0.0,1.0,0.0,0.0,0.0
-0.9638316508243637,0.14037812422724932,0.7709938366409971,0.5201584610096139,-0.8247495659445737,0.34030006237085164,-0.3867896064142221,0.0,0.0,0.0,0.0,0.0,1.0
-0.7479824734805126,-0.279512152446651,-1.44022719847431,-0.7368017787909377,-0.8247495659445737,-0.4625439771706417,0.15376901726363987,0.0,1.0,0.0,0.0,0.0,0.0
3.425101621833942,-0.27489797358210266,-0.6556003795624268,-0.10832165889066188,0.7650637420933216,1.8499737143331,1.1259199017435892,0.0,1.0,0.0,0.0,0.0,0.0
-0.1723846672302431,0.707922124566697,0.9849829690715107,0.5201584610096139,-0.2948117965986086,-0.8220873638355345,-0.9946509836330036,1.0,0.0,0.0,0.0,0.0,1.0
1.3385595741767145,2.2098373449771866,1.1989721015020243,1.1486385809098898,1.2950015114392868,0.3014857194922553,-0.6790758503633586,1.0,0.0,1.0,0.0,0.0,0.0
-0.38823384457409416,-1.0893005431748874,-1.3688974876641387,-1.3652818986912136,-0.2948117965986086,-0.97734473534992,0.9977241807132662,0.0,1.0,0.0,0.0,0.0,0.0
-1.1077311023869312,0.0803937989881207,0.7709938366409971,-0.10832165889066188,-0.8247495659445737,-0.0069861633850106354,-0.16885688066267301,0.0,0.0,1.0,0.0,0.0,0.0
0.9788109452702961,0.46567773417790836,-0.5842706687522556,-0.10832165889066188,0.2351259727473565,0.0073138576755248695,-0.158900346329318,0.0,1.0,0.0,0.0,0.0,0.0
2.0580568319895516,0.7194575717280679,-0.5842706687522556,-0.10832165889066188,0.7650637420933216,0.7815578550959472,0.38097456683638237,0.0,0.0,1.0,0.0,0.0,0.0
-0.10043494144895938,0.6802370513794069,0.27168586096979874,-0.7368017787909377,0.2351259727473565,-0.7771444405024228,-0.17526666671418917,0.0,1.0,0.0,0.0,0.0,0.0
0.762961767926445,1.4069702225457728,0.48567499340031234,0.5201584610096139,0.7650637420933216,-0.1418149333843454,-0.6389078577738573,0.0,0.0,1.0,0.0,0.0,0.0
-1.4674797312933496,-0.30950431506621534,0.5570047042104835,-0.10832165889066188,-0.8247495659445737,-0.40330103277699464,-0.44520412329703934,0.0,0.0,0.0,0.0,0.0,1.0
-1.2516305539494985,-1.0893005431748874,-3.294799679538761,-1.3652818986912136,-0.8247495659445737,-1.6208456830740177,-0.3483308901051252,0.0,0.0,0.0,0.0,0.0,1.0
0.762961767926445,-1.0893005431748874,0.9136532582613395,1.1486385809098898,0.7650637420933216,-0.1275149123238099,-0.8585498598058108,0.0,0.0,1.0,0.0,0.0,0.0
0.8349114937077287,1.1854896370474517,0.7709938366409971,1.7771187008101657,0.7650637420933216,2.27693148599766,-0.1717199184323503,0.0,0.0,0.0,0.0,0.0,1.0
0.4032131390200265,0.7125363034312454,0.7709938366409971,1.7771187008101657,0.7650637420933216,1.905130938423737,-0.30132579239400675,0.0,0.0,0.0,0.0,0.0,1.0
-0.7479824734805126,-1.0893005431748874,-0.9409192228031116,-1.3652818986912136,-2.414562873982469,-1.2837737580756807,0.35674557556165126,0.0,1.0,0.0,0.0,0.0,0.0
-0.5321332961366616,-1.0893005431748874,-2.296183728196364,-0.10832165889066188,-0.2948117965986086,0.7509149528233712,0.35960861333132854,0.0,0.0,0.0,1.0,0.0,0.0
-0.2443343930115268,1.1416549378342424,-0.5129409579420844,-1.3652818986912136,0.2351259727473565,-0.893587469138212,1.1729249994547077,0.0,1.0,0.0,0.0,0.0,0.0
-0.2443343930115268,0.7286859294571646,0.20035615015962754,-0.7368017787909377,0.2351259727473565,-0.9038017698957374,-0.3077355784455229,0.0,1.0,0.0,0.0,0.0,0.0
0.1873639616761754,-1.0523871122585005,1.056312679881682,0.5201584610096139,0.2351259727473565,-0.5524298238368649,-0.8536356904996484,1.0,0.0,1.0,0.0,0.0,0.0
-1.1796808281682147,-1.0893005431748874,-3.0808105471082476,-0.7368017787909377,-1.3546873352905389,-0.4502868162616113,0.16658858936667215,0.0,0.0,0.0,0.0,0.0,0.0
0.1873639616761754,0.22343334378911972,-0.37028153632174204,-1.3652818986912136,-0.2948117965986086,-0.6035013276244917,1.7797180789982365,0.0,0.0,0.0,0.0,0.0,1.0
1.7702579288644167,-0.4064020712217308,-0.5129409579420844,-0.10832165889066188,0.2351259727473565,0.6160861828240364,0.26559841790909167,1.0,1.0,0.0,0.0,0.0,0.0
0.5471125905825939,1.4438836534621597,-0.29895182551157085,-0.7368017787909377,0.7650637420933216,-0.27664370338368016,0.34819919415962974,0.0,0.0,0.0,0.0,0.0,1.0
-0.4601835703553779,0.4010792300742314,-1.0122489336132827,-0.7368017787909377,-0.2948117965986086,-0.11117203111176932,0.5212634175505658,0.0,0.0,0.0,0.0,0.0,1.0
1.6983082030831331,-1.0893005431748874,-0.4416112471319132,-1.3652818986912136,1.2950015114392868,0.5405003572183488,4.172704871564266,0.0,0.0,1.0,0.0,0.0,0.0
2.0580568319895516,1.7922541577355606,1.1276423906918531,2.4055988207104413,1.8249392807852518,0.8122007573685234,-0.8373121020217872,1.0,0.0,1.0,0.0,0.0,0.0
-0.2443343930115268,-0.011889778302846413,1.056312679881682,-0.10832165889066188,-1.3546873352905389,-0.8874588886836968,-0.7827861886768898,1.0,0.0,1.0,0.0,0.0,0.0
0.04346451011360801,1.4115844014103212,0.12902643934945635,-0.7368017787909377,0.2351259727473565,-0.6893014539877048,-0.08339306664245769,0.0,1.0,0.0,0.0,0.0,0.0
-0.2443343930115268,0.6594732464889392,0.34301557177996994,0.5201584610096139,-0.8247495659445737,0.8530579603986248,-0.1186468899257965,0.0,0.0,0.0,0.0,0.0,1.0
1.7702579288644167,1.7876399788710122,-0.37028153632174204,1.1486385809098898,1.2950015114392868,0.5670575391879147,-0.5679728921370785,0.0,0.0,0.0,0.0,0.0,0.0
-0.2443343930115268,1.1831825476151776,0.5570047042104835,-0.10832165889066188,1.2950015114392868,0.9102580446407668,0.47071157155760823,0.0,0.0,0.0,0.0,0.0,1.0
0.762961767926445,1.8153250520583022,0.9136532582613395,0.5201584610096139,0.7650637420933216,-0.1275149123238099,-0.6314297740470884,0.0,0.0,0.0,0.0,0.0,1.0
-0.02848521566767569,0.9847728564395983,-0.29895182551157085,-0.7368017787909377,0.2351259727473565,-0.724030076563291,-0.1197151876010492,0.0,1.0,0.0,0.0,0.0,0.0
-0.5321332961366616,0.4333784821260699,-1.0122489336132827,-0.10832165889066188,-0.2948117965986086,0.46491453161266105,0.160178803315156,0.0,1.0,0.0,0.0,0.0,0.0
1.1227103968328636,0.8671112953936153,1.1276423906918531,1.7771187008101657,1.2950015114392868,0.13192832691733428,-0.9195282911092343,1.0,0.0,0.0,0.0,0.0,1.0
0.4032131390200265,-1.0893005431748874,1.056312679881682,-0.10832165889066188,0.7650637420933216,-0.37470099065592366,-0.42524832272331897,1.0,0.0,1.0,0.0,0.0,0.0
0.1154142358948917,0.07808670955584651,0.27168586096979874,-0.10832165889066188,-1.3546873352905389,-0.6341442298970679,-0.6061324850971047,0.0,1.0,0.0,0.0,0.0,0.0
-0.3162841187928105,-1.0893005431748874,-1.5828866200946523,-1.3652818986912136,-0.2948117965986086,-0.9610018541378794,1.0319097063213523,0.0,1.0,0.0,0.0,0.0,0.0
-0.4601835703553779,-1.0893005431748874,-1.2262380660437964,-0.7368017787909377,-0.2948117965986086,-0.18471499656595192,0.444345984932372,0.0,1.0,0.0,0.0,0.0,0.0
-0.2443343930115268,-1.0893005431748874,0.20035615015962754,-0.10832165889066188,-1.3546873352905389,0.6916720084297241,0.31828685925255434,0.0,1.0,0.0,0.0,0.0,0.0
-0.4601835703553779,-0.1687718596974905,-0.8695895119929404,-0.10832165889066188,-0.2948117965986086,0.28309997812870963,0.033393235216166495,0.0,1.0,0.0,0.0,0.0,0.0
1.9861071062082678,2.1544671986026063,-0.37028153632174204,1.1486385809098898,1.8249392807852518,0.8060721769140081,-0.4679802297334267,0.0,0.0,0.0,0.0,0.0,0.0
-1.5394294570746334,-1.0893005431748874,1.1276423906918531,0.5201584610096139,-1.3546873352905389,-0.12955777247531497,-0.6324980717223412,1.0,0.0,1.0,0.0,0.0,0.0
1.5544087515205656,1.9560575074270272,1.2703018123121954,2.4055988207104413,1.8249392807852518,0.45061451055212554,-0.9453383629433394,1.0,0.0,1.0,0.0,0.0,0.0
0.5471125905825939,0.8394262222063251,1.056312679881682,-0.10832165889066188,0.7650637420933216,-0.31341518611077146,-0.3825164157132113,1.0,0.0,1.0,0.0,0.0,0.0
0.9788109452702961,-1.0893005431748874,1.3416315231223668,1.1486385809098898,1.2950015114392868,0.0052709975240197975,-0.8029983806926708,1.0,0.0,1.0,0.0,0.0,0.0
-0.10043494144895938,0.7010008562698745,-0.22762211470139962,-0.7368017787909377,0.2351259727473565,-0.809830202926504,-0.2094521923222753,0.0,1.0,0.0,0.0,0.0,0.0
-0.6760327476992289,-0.6578748193396161,-0.08496269308105724,-0.7368017787909377,-0.8247495659445737,-1.2367879745910642,-0.6560006205779004,0.0,0.0,0.0,0.0,0.0,1.0
-0.38823384457409416,-0.9324184617802433,-0.15629240389122842,-0.7368017787909377,-0.2948117965986086,-0.9998161970164757,-0.40815555991927593,0.0,0.0,0.0,0.0,0.0,0.0
-0.6040830219179453,-1.0893005431748874,0.6996641258308259,0.5201584610096139,-0.2948117965986086,0.25041421570462846,-0.43379470412534055,0.0,0.0,1.0,0.0,0.0,0.0
1.0507606710515798,-1.033930396800307,1.1989721015020243,1.1486385809098898,1.2950015114392868,0.06451394191766689,-0.7782138746268082,1.0,0.0,0.0,0.0,0.0,1.0
0.4032131390200265,0.901717636877728,1.1989721015020243,1.1486385809098898,0.7650637420933216,-0.3951295921709744,-0.9705074561722927,1.0,0.0,0.0,0.0,0.0,1.0
-0.4601835703553779,0.03886618920718549,-1.5115569092844812,-1.3652818986912136,-0.8247495659445737,-1.0039019173194859,0.9421727016001262,0.0,1.0,0.0,0.0,0.0,0.0
0.1873639616761754,0.6802370513794069,0.48567499340031234,1.1486385809098898,0.2351259727473565,-0.5810298659579359,-1.0482795269306888,0.0,0.0,0.0,0.0,0.0,1.0
0.4751628648013102,0.3503232625641995,-0.15629240389122842,-0.10832165889066188,0.2351259727473565,-0.33792950792883236,-0.3996091785172544,0.0,0.0,0.0,0.0,0.0,1.0
0.9068612194890123,-1.0523871122585005,1.056312679881682,0.5201584610096139,0.7650637420933216,-0.015157603991030924,-0.5726734019081904,1.0,0.0,0.0,0.0,0.0,1.0
-1.0357813766056474,-1.0893005431748874,0.9849829690715107,-0.10832165889066188,-0.8247495659445737,0.2749285375226893,0.027709891583822244,1.0,0.0,1.0,0.0,0.0,0.0
-0.6760327476992289,0.018102384316717898,0.5570047042104835,-0.10832165889066188,-0.2948117965986086,0.6079147422180161,0.2598723423697371,0.0,0.0,0.0,0.0,0.0,1.0
0.1154142358948917,-1.0062453236130169,1.5556206555528802,-0.10832165889066188,0.2351259727473565,-0.6198442088365324,-0.5961759507637496,1.0,0.0,1.0,0.0,0.0,0.0
-0.8199321992617964,-1.0893005431748874,0.05769672853928516,-1.3652818986912136,-0.2948117965986086,-1.345059562620833,0.22854985453132826,0.0,0.0,0.0,0.0,0.0,1.0
0.9788109452702961,1.4900254421076433,0.5570047042104835,1.7771187008101657,0.7650637420933216,2.6650749147836237,-0.03638796893133925,0.0,0.0,1.0,0.0,0.0,0.0
0.1154142358948917,-1.0893005431748874,1.6269503663630516,0.5201584610096139,0.2351259727473565,-0.6137156283820171,-0.8856846207572291,1.0,0.0,0.0,0.0,0.0,1.0
0.4751628648013102,-0.3971737134926341,-0.4416112471319132,-0.7368017787909377,0.2351259727473565,-0.3420152282318425,0.2798281429434575,0.0,0.0,0.0,1.0,0.0,0.0
-0.9638316508243637,-1.0893005431748874,-2.0108648849556796,-0.7368017787909377,-0.8247495659445737,0.2994428593407502,0.9507190830021478,0.0,1.0,0.0,0.0,0.0,0.0
1.482459025739282,1.2962299297966122,1.412961233932538,2.4055988207104413,1.2950015114392868,0.3995430067644987,-0.9606363856529578,1.0,0.0,1.0,0.0,0.0,0.0
0.4032131390200265,-0.3325752093889571,-0.08496269308105724,-0.7368017787909377,0.2351259727473565,-0.41351533353452,0.20504730567576906,0.0,1.0,0.0,0.0,0.0,0.0
0.2593136874574591,-0.512528185106343,0.5570047042104835,1.7771187008101657,0.2351259727473565,1.70493064357624,-0.3711069965415125,0.0,0.0,0.0,0.0,0.0,1.0
0.6910120421451613,1.0908989703242105,1.3416315231223668,1.7771187008101657,0.7650637420933216,-0.19697215747498237,-1.0341779976173533,1.0,1.0,0.0,0.0,0.0,0.0
-1.2516305539494985,-0.44331550213811766,-1.0122489336132827,-1.3652818986912136,-1.3546873352905389,-1.657617165801109,-0.42524832272331897,0.0,1.0,0.0,0.0,0.0,0.0
-0.8918819250430801,0.590260563520714,-1.0122489336132827,-0.7368017787909377,-0.2948117965986086,0.10945686525077848,0.7520157154051471,0.0,1.0,0.0,0.0,0.0,0.0
-0.5321332961366616,-1.0893005431748874,0.48567499340031234,-0.10832165889066188,-0.8247495659445737,0.44448593009761034,0.1459490782807902,0.0,0.0,0.0,0.0,0.0,1.0
0.4751628648013102,-1.0893005431748874,0.8423235474511683,0.5201584610096139,0.7650637420933216,-0.356315249292378,-0.7510791136753899,0.0,0.0,1.0,0.0,0.0,0.0
-0.5321332961366616,-0.2725908841498285,-0.7982598011827692,0.5201584610096139,-0.2948117965986086,0.9041294641862516,-0.09193944804447922,1.0,0.0,0.0,0.0,0.0,0.0
-1.2516305539494985,-1.0893005431748874,1.2703018123121954,-0.7368017787909377,-0.8247495659445737,0.16257122918991035,0.8075671945182871,1.0,0.0,0.0,0.0,0.0,1.0
0.5471125905825939,-1.0893005431748874,1.3416315231223668,0.5201584610096139,0.7650637420933216,-0.3175009064137816,-0.7307814578455888,1.0,1.0,0.0,0.0,0.0,0.0
-1.1077311023869312,-1.0893005431748874,-1.2262380660437964,-1.3652818986912136,-0.8247495659445737,-1.1918450512579526,0.5490391571071358,0.0,1.0,0.0,0.0,0.0,0.0
-0.4601835703553779,-1.0893005431748874,-2.510172860626878,-0.7368017787909377,-1.3546873352905389,0.25041421570462846,0.8994407945900186,0.0,0.0,0.0,0.0,0.0,0.0
-0.8199321992617964,0.4126146772356023,0.8423235474511683,1.1486385809098898,-0.2948117965986086,0.9797152897919392,-0.39533598781624363,0.0,0.0,1.0,0.0,0.0,0.0
-0.1723846672302431,-1.0893005431748874,0.9849829690715107,0.5201584610096139,0.2351259727473565,-0.809830202926504,-0.9882411975814874,1.0,0.0,0.0,0.0,0.0,1.0
-0.9638316508243637,-1.0893005431748874,1.2703018123121954,0.5201584610096139,-0.8247495659445737,0.2912714187347299,-0.4124287506202867,1.0,1.0,0.0,0.0,0.0,0.0
1.266609848395431,0.2649609535700549,-0.6556003795624268,-0.7368017787909377,0.2351259727473565,0.2320284743410828,0.8802114364354702,0.0,0.0,1.0,0.0,0.0,0.0
-0.38823384457409416,-0.05111029865150744,0.34301557177996994,-0.10832165889066188,-1.3546873352905389,-0.97734473534992,-0.8454311643537077,0.0,0.0,0.0,0.0,0.0,0.0
-1.2516305539494985,-0.28874051017574776,-1.2262380660437964,-1.3652818986912136,-0.8247495659445737,-0.7117729156542606,1.5532389718446658,0.0,0.0,1.0,0.0,0.0,0.0
-0.5321332961366616,0.3710870674546671,-2.296183728196364,-0.7368017787909377,-0.2948117965986086,0.8551008205501298,1.531873018339612,0.0,0.0,0.0,0.0,0.0,1.0
2.2739060093334027,1.942214970833382,0.6283344150206547,1.7771187008101657,2.354877050131217,0.9797152897919392,-0.6239516903203196,0.0,0.0,0.0,0.0,0.0,1.0
-0.6760327476992289,-1.0893005431748874,-2.8668214146777338,1.1486385809098898,-0.2948117965986086,0.10128542464475819,-0.7628303881031695,0.0,0.0,0.0,0.0,0.0,0.0
-0.8918819250430801,1.2870015720675156,-1.44022719847431,-1.3652818986912136,0.2351259727473565,-0.46458683732214684,2.0702950466669687,0.0,1.0,0.0,0.0,0.0,0.0
-1.5394294570746334,-1.0893005431748874,1.1276423906918531,-0.10832165889066188,-0.8247495659445737,-0.19697215747498237,-0.30132579239400675,1.0,0.0,0.0,0.0,0.0,1.0
0.1873639616761754,1.3077653769579831,1.056312679881682,1.1486385809098898,0.2351259727473565,-0.5422155230793395,-1.0320414022668478,1.0,0.0,0.0,0.0,0.0,1.0
-1.3235802797307823,-1.0893005431748874,-1.1549083552336252,-1.3652818986912136,-1.3546873352905389,-0.8343445247445649,1.2968475297840198,0.0,0.0,0.0,0.0,1.0,0.0
0.2593136874574591,0.6017960106820849,-0.29895182551157085,-0.10832165889066188,0.2351259727473565,-0.5217869215642889,-0.5278048995475774,0.0,0.0,0.0,0.0,0.0,1.0
-0.5321332961366616,0.4933628073651985,-2.153524306576022,-0.7368017787909377,-0.8247495659445737,0.2790142578256995,0.9293531294970939,0.0,1.0,0.0,0.0,0.0,0.0
-1.3955300055120659,-1.0893005431748874,0.05769672853928516,-0.7368017787909377,-0.8247495659445737,-0.609629908079007,-6.584797274773677e-05,0.0,0.0,0.0,0.0,0.0,1.0
-1.0357813766056474,0.08731506728494323,-1.0122489336132827,-0.7368017787909377,-0.8247495659445737,-1.4349454092870562,-0.8632503695769226,0.0,1.0,0.0,0.0,0.0,0.0
1.1227103968328636,-1.0893005431748874,-0.013632982270886038,-0.7368017787909377,1.2950015114392868,0.10128542464475819,0.7434693340031256,0.0,0.0,1.0,0.0,0.0,0.0
-0.2443343930115268,0.8002057018576642,0.5570047042104835,1.1486385809098898,0.2351259727473565,1.1268012207003044,-0.3338020417216887,0.0,1.0,0.0,0.0,0.0,0.0
-0.38823384457409416,-0.03726776205786237,0.20035615015962754,-0.7368017787909377,-1.3546873352905389,-0.9936876165619605,-0.4017457738677598,0.0,0.0,1.0,0.0,0.0,0.0
-0.2443343930115268,-0.4963785590804237,-0.5129409579420844,-0.7368017787909377,0.2351259727473565,-0.9119732105017576,-0.3162819598475444,0.0,0.0,1.0,0.0,0.0,0.0
0.2593136874574591,-1.0893005431748874,1.056312679881682,0.5201584610096139,0.2351259727473565,-0.5177012012612787,-0.8354746300203526,1.0,0.0,0.0,0.0,0.0,1.0
0.04346451011360801,-0.5171423639708913,0.48567499340031234,1.1486385809098898,0.2351259727473565,-0.6974728945937251,-1.0969939009222114,0.0,0.0,0.0,0.0,0.0,1.0
0.1873639616761754,0.7033079457021487,-0.5129409579420844,-0.10832165889066188,0.2351259727473565,-0.5626441245943903,-0.5563070815233193,0.0,1.0,0.0,0.0,0.0,0.0
-0.8918819250430801,-1.0893005431748874,0.9849829690715107,0.5201584610096139,-0.2948117965986086,0.17074266979593064,-0.4754583134601955,1.0,0.0,0.0,0.0,0.0,1.0
-0.6760327476992289,0.09192924614949158,-0.5129409579420844,-1.3652818986912136,-0.2948117965986086,-1.2204450933790236,0.489214487292985,0.0,0.0,1.0,0.0,0.0,0.0
0.1154142358948917,0.48874862850065015,1.1989721015020243,0.5201584610096139,0.2351259727473565,-0.6075870479275018,-0.882479727731471,1.0,0.0,0.0,0.0,0.0,1.0
-1.0357813766056474,-1.0893005431748874,-2.510172860626878,-1.3652818986912136,-1.3546873352905389,-0.7485443983813519,1.4763215392264721,0.0,1.0,0.0,0.0,0.0,0.0
1.6983082030831331,2.4428533776368786,0.9849829690715107,1.7771187008101657,1.8249392807852518,0.5405003572183488,-0.7770601131375354,1.0,0.0,0.0,0.0,0.0,1.0
1.5544087515205656,-0.8101427218697119,0.41434528259014114,1.1486385809098898,1.8249392807852518,0.45470023085513567,-0.614977989848197,0.0,0.0,0.0,0.0,0.0,1.0
-0.38823384457409416,-1.0893005431748874,-1.44022719847431,-0.7368017787909377,-0.2948117965986086,-0.9589589939863743,-0.3654236529091683,0.0,1.0,0.0,0.0,0.0,0.0
-1.1077311023869312,0.6756228725148585,0.05769672853928516,-0.7368017787909377,-0.8247495659445737,-0.28685800414120555,0.3375162174071028,0.0,1.0,0.0,0.0,0.0,0.0
-0.8199321992617964,-0.009582688870572235,-0.29895182551157085,-1.3652818986912136,-0.2948117965986086,-1.351188143075348,0.21573028242829598,0.0,1.0,0.0,0.0,0.0,0.0
-0.6760327476992289,-0.8262923478956311,-0.5842706687522556,-0.7368017787909377,-0.2948117965986086,-1.2102307926214981,-0.6282248810213305,0.0,0.0,0.0,0.0,0.0,0.0
1.0507606710515798,-1.0893005431748874,-0.4416112471319132,-0.7368017787909377,1.2950015114392868,0.09924256449325312,0.7413327386526203,0.0,0.0,0.0,0.0,0.0,1.0
1.4105092999579982,0.35263035199647363,0.41434528259014114,-0.10832165889066188,1.2950015114392868,0.3627715240374074,0.08894471432930647,0.0,1.0,0.0,0.0,0.0,0.0
0.4751628648013102,-0.4571580387317627,-0.5129409579420844,-0.7368017787909377,0.7650637420933216,-0.34405808838334756,0.27769154759295206,0.0,1.0,0.0,0.0,0.0,0.0
0.9068612194890123,0.6871583196762294,0.6283344150206547,1.1486385809098898,0.7650637420933216,-0.004943303233505563,-0.8072715713936816,0.0,0.0,1.0,0.0,0.0,0.0
0.1873639616761754,-1.0893005431748874,0.48567499340031234,0.5201584610096139,-0.8247495659445737,1.1615298432758907,0.04266605903735993,0.0,1.0,0.0,0.0,0.0,0.0
0.5471125905825939,1.5592381250758687,0.27168586096979874,-0.10832165889066188,0.2351259727473565,-0.3052437455047512,-0.3768330720808671,0.0,1.0,0.0,0.0,0.0,0.0
-1.4674797312933496,0.08731506728494323,0.7709938366409971,0.5201584610096139,-1.3546873352905389,-0.5422155230793395,-0.8482942021233849,0.0,0.0,0.0,0.0,0.0,1.0
-0.8199321992617964,-0.028039404328765657,0.12902643934945635,-0.7368017787909377,-0.2948117965986086,-1.3246309611057823,-0.7478742206496318,0.0,1.0,0.0,0.0,0.0,0.0
-0.3162841187928105,0.36877997802239293,0.34301557177996994,-0.10832165889066188,0.2351259727473565,-0.9262732315622931,-0.809835485814288,0.0,1.0,0.0,0.0,0.0,0.0
-0.8199321992617964,-0.4363942338412951,-1.5828866200946523,-0.10832165889066188,-0.8247495659445737,-0.11117203111176932,-0.24150112257985604,0.0,1.0,0.0,0.0,0.0,0.0
0.4032131390200265,-0.09263790843244263,0.27168586096979874,1.1486385809098898,-0.2948117965986086,1.5844018946374407,-0.1423630983164063,0.0,1.0,0.0,0.0,0.0,0.0
0.3312634132387428,0.9916941247364208,1.3416315231223668,0.5201584610096139,0.7650637420933216,-0.47480113807967217,-0.8130403788400461,1.0,0.0,0.0,0.0,0.0,1.0
0.1154142358948917,0.8325049539095026,0.9136532582613395,0.5201584610096139,0.2351259727473565,-0.6525299712606135,-0.9059822765870302,0.0,0.0,0.0,0.0,0.0,1.0
1.5544087515205656,-1.0893005431748874,1.1276423906918531,2.4055988207104413,1.2950015114392868,2.5445461658448245,-0.319657780501343,1.0,0.0,1.0,0.0,0.0,0.0
0.04346451011360801,0.5464258643075046,1.056312679881682,0.5201584610096139,0.2351259727473565,-0.6770442930786743,-0.9188018486900625,1.0,0.0,0.0,0.0,0.0,1.0
0.4032131390200265,-1.0893005431748874,-3.366129390348932,1.1486385809098898,0.2351259727473565,2.301445807815721,0.15761488889454944,0.0,1.0,0.0,0.0,0.0,0.0
-1.3955300055120659,-1.0893005431748874,0.12902643934945635,-0.7368017787909377,-0.8247495659445737,-0.5973727471699765,0.012753724130284562,0.0,0.0,1.0,0.0,0.0,0.0
-0.9638316508243637,0.7932844335608416,0.48567499340031234,-0.7368017787909377,-0.8247495659445737,-1.430859688984046,-0.8589771788759117,0.0,0.0,0.0,0.0,0.0,1.0
-0.9638316508243637,-0.6255755672877776,-1.1549083552336252,-0.10832165889066188,-0.8247495659445737,-0.05192908671812223,-0.20017936850108187,0.0,1.0,0.0,0.0,0.0,0.0
-0.10043494144895938,1.1716471004538067,0.48567499340031234,-0.10832165889066188,0.2351259727473565,-0.7730587201994127,-0.7030057182890188,0.0,1.0,0.0,0.0,0.0,0.0
-1.2516305539494985,-0.38333117689898905,-1.083578644423454,-0.7368017787909377,-0.8247495659445737,-0.5054440403522482,0.10890051490302681,0.0,1.0,0.0,0.0,0.0,0.0
-0.2443343930115268,-1.0893005431748874,1.1989721015020243,1.1486385809098898,-0.2948117965986086,1.653859139788613,-0.11330540154953304,1.0,0.0,0.0,0.0,0.0,1.0
-0.2443343930115268,1.058599718272372,0.20035615015962754,-0.10832165889066188,0.2351259727473565,0.7447863723688559,0.35533542263031775,0.0,1.0,0.0,0.0,0.0,0.0
-1.3955300055120659,0.09192924614949158,-0.08496269308105724,-0.10832165889066188,-0.8247495659445737,-0.3338437876258222,-0.39674614074757714,0.0,0.0,0.0,0.0,0.0,1.0
0.8349114937077287,-1.0893005431748874,1.1989721015020243,0.5201584610096139,0.7650637420933216,-0.04784336641511208,-0.5897661647122335,1.0,0.0,1.0,0.0,0.0,0.0
0.3312634132387428,1.5338601413208526,0.5570047042104835,-0.10832165889066188,0.7650637420933216,2.0011453655444753,1.2313395163375247,0.0,0.0,1.0,0.0,0.0,0.0
-1.1077311023869312,-0.15954350196839379,-1.0122489336132827,-0.7368017787909377,-0.8247495659445737,-1.4921454935291982,-0.9230750393910733,0.0,1.0,0.0,0.0,0.0,0.0
-0.8199321992617964,0.46106355531336,0.41434528259014114,-0.7368017787909377,-0.2948117965986086,-1.3430167024693278,-0.7671035788041803,0.0,1.0,0.0,0.0,0.0,0.0
-0.3162841187928105,0.050401636368556386,-0.15629240389122842,-0.10832165889066188,-0.2948117965986086,-0.9814304556529301,-0.8482942021233849,0.0,0.0,1.0,0.0,0.0,0.0
0.8349114937077287,0.7448355554830839,0.27168586096979874,1.1486385809098898,-0.8247495659445737,1.5190303697892784,-0.1697115188028751,0.0,1.0,0.0,0.0,0.0,0.0
-0.3162841187928105,1.3469858973066442,-0.5842706687522556,-0.7368017787909377,0.2351259727473565,-0.9303589518653033,-0.3355113180020929,0.0,0.0,0.0,0.0,0.0,1.0
-1.0357813766056474,-1.0893005431748874,-3.152140257918419,-1.3652818986912136,-1.884625104636504,-1.4737597521656525,-0.040661159632350015,0.0,0.0,0.0,0.0,1.0,0.0
-0.1723846672302431,-0.11570880275518441,0.20035615015962754,-0.7368017787909377,-0.2948117965986086,-0.8302588044415548,-0.23081814582732912,0.0,0.0,0.0,0.0,0.0,1.0
0.5471125905825939,-0.5494416160227298,-1.6542163309048235,-0.7368017787909377,-0.2948117965986086,1.6988020631217247,2.4142868980983354,0.0,0.0,1.0,0.0,0.0,0.0
-0.8199321992617964,-0.044189030354684904,-0.4416112471319132,-0.7368017787909377,-0.2948117965986086,-1.3328024017118025,-0.7564206020516534,0.0,0.0,1.0,0.0,0.0,0.0
3.2812021702713743,2.906578353523988,0.41434528259014114,1.1486385809098898,2.354877050131217,1.7233163849397855,-0.08424770478265979,0.0,1.0,0.0,0.0,0.0,0.0
0.4032131390200265,1.227017246828387,0.8423235474511683,1.7771187008101657,0.7650637420933216,-0.4359867952010758,-1.1175052162870631,0.0,0.0,0.0,0.0,0.0,1.0
-0.10043494144895938,-0.9647177138320818,1.1989721015020243,0.5201584610096139,0.2351259727473565,-0.7567158389873722,-0.9604654580249175,1.0,0.0,0.0,0.0,0.0,1.0
0.1154142358948917,0.9640090515491307,0.27168586096979874,-0.10832165889066188,0.2351259727473565,-0.638229950200078,-0.6089955228667819,0.0,0.0,0.0,0.0,0.0,1.0
0.3312634132387428,0.6087172789789074,-0.6556003795624268,-0.10832165889066188,-0.2948117965986086,-0.45437253656462145,-0.480799801836459,0.0,0.0,1.0,0.0,0.0,0.0
-0.5321332961366616,0.5441187748752304,-0.37028153632174204,-0.10832165889066188,-0.2948117965986086,-1.0794877429251735,-0.9166652533395572,0.0,0.0,0.0,0.0,0.0,0.0
0.4751628648013102,-0.6209613884232293,-0.4416112471319132,-0.10832165889066188,0.2351259727473565,-0.35018666883786276,-0.40815555991927593,0.0,1.0,0.0,0.0,0.0,0.0
-0.5321332961366616,-0.36948864030534395,-0.7982598011827692,-0.7368017787909377,0.2351259727473565,0.009356717827029942,0.6473225432303834,1.0,1.0,0.0,0.0,0.0,0.0
-1.0357813766056474,0.46567773417790836,-0.15629240389122842,-0.10832165889066188,-0.8247495659445737,0.20547129237151687,-0.02070535905862967,0.0,1.0,0.0,0.0,0.0,0.0
1.6983082030831331,2.4590030036627977,0.9136532582613395,1.7771187008101657,1.8249392807852518,0.5527575181273792,-0.7727869224365247,0.0,0.0,1.0,0.0,0.0,0.0
-1.1077311023869312,-0.20337820118160316,-0.8695895119929404,-1.3652818986912136,-0.8247495659445737,-0.5851155862609461,1.8181767953073333,0.0,1.0,0.0,0.0,0.0,0.0
-0.8918819250430801,-1.0893005431748874,1.5556206555528802,0.5201584610096139,-0.2948117965986086,0.3750286849464379,-0.36862854593492633,1.0,0.0,0.0,0.0,0.0,1.0
0.4751628648013102,0.38031542518376377,0.48567499340031234,0.5201584610096139,0.7650637420933216,-0.3726581305044186,-0.7596254950774115,0.0,0.0,1.0,0.0,0.0,0.0
-0.4601835703553779,-1.0893005431748874,-1.6542163309048235,-0.7368017787909377,-0.8247495659445737,2.2095171009979926,2.948435735724681,0.0,1.0,0.0,0.0,0.0,0.0
-0.8918819250430801,0.214204986060023,0.41434528259014114,-1.3652818986912136,-0.2948117965986086,-1.3675310242873888,0.18154475682020985,1.0,1.0,0.0,0.0,0.0,0.0
-0.1723846672302431,-0.15954350196839379,0.20035615015962754,0.5201584610096139,-0.8247495659445737,0.9266009258528074,-0.08018817361669961,0.0,1.0,0.0,0.0,0.0,0.0
-0.02848521566767569,-1.0893005431748874,0.9849829690715107,-0.10832165889066188,0.2351259727473565,-0.7097300555027555,-0.6588636583475777,1.0,0.0,0.0,0.0,0.0,1.0
-0.3162841187928105,0.21881916492457135,-0.4416112471319132,-0.7368017787909377,-0.2948117965986086,-0.9405732526228286,-0.3461942947546198,0.0,1.0,0.0,0.0,0.0,0.0
-0.10043494144895938,0.6779299619471327,0.9136532582613395,1.1486385809098898,0.2351259727473565,1.9868453444839398,0.026000615303418035,1.0,0.0,0.0,0.0,0.0,1.0
0.4032131390200265,-1.033930396800307,1.056312679881682,0.5201584610096139,0.7650637420933216,-0.43394393504957074,-0.7916744253349922,1.0,0.0,0.0,0.0,0.0,1.0
-1.1077311023869312,-1.0893005431748874,1.2703018123121954,-0.10832165889066188,-0.8247495659445737,-0.02128618444554614,-0.17881341499602804,1.0,0.0,0.0,0.0,0.0,1.0
-1.4674797312933496,-0.1480080548070229,0.05769672853928516,-1.3652818986912136,-1.3546873352905389,-0.8833731683806866,1.1942909529597614,0.0,0.0,0.0,0.0,0.0,1.0
0.8349114937077287,-1.0893005431748874,0.7709938366409971,0.5201584610096139,0.7650637420933216,-0.07644340853618309,-0.6047223321657712,0.0,0.0,0.0,0.0,0.0,1.0
-0.7479824734805126,0.5302762382815853,-0.08496269308105724,-0.7368017787909377,-0.2948117965986086,-1.2510879956515997,-0.6709567880314381,0.0,1.0,0.0,0.0,0.0,0.0
-0.7479824734805126,0.44029975042289243,0.20035615015962754,-0.7368017787909377,-0.2948117965986086,-1.26334515656063,-0.6837763601344704,0.0,0.0,0.0,0.0,0.0,1.0
1.8422076546457005,2.546672402089216,1.2703018123121954,-0.10832165889066188,1.8249392807852518,0.6712434069146733,0.3040571342181886,1.0,0.0,0.0,0.0,0.0,1.0
1.482459025739282,1.4577261900558047,1.484290944742709,2.4055988207104413,1.8249392807852518,0.4301859090370748,-0.9514490256457847,1.0,0.0,0.0,0.0,0.0,1.0
0.4751628648013102,-0.8332136161924537,-0.4416112471319132,-0.10832165889066188,-0.8247495659445737,-0.33792950792883236,-0.3996091785172544,0.0,1.0,0.0,0.0,0.0,0.0
-0.8918819250430801,0.09654342501403994,0.20035615015962754,-0.10832165889066188,-0.2948117965986086,-0.10300059050574903,-0.2358177789475118,0.0,1.0,0.0,0.0,0.0,0.0
-0.6040830219179453,-0.8262923478956311,-0.08496269308105724,-0.7368017787909377,-0.2948117965986086,-1.1673307294398916,-0.5833563786607173,0.0,0.0,0.0,0.0,0.0,1.0
-0.3162841187928105,-1.0893005431748874,-2.438843149816707,-1.3652818986912136,-0.8247495659445737,-0.47684399823117724,2.044655902460904,0.0,1.0,0.0,0.0,0.0,0.0
-0.5321332961366616,0.850961669367696,0.8423235474511683,0.5201584610096139,-0.2948117965986086,0.6630719663086531,-0.21799857372429682,0.0,0.0,0.0,0.0,0.0,1.0
-1.4674797312933496,0.018102384316717898,-1.0122489336132827,-1.3652818986912136,-1.3546873352905389,-1.994689090799446,-1.1303247883900955,0.0,0.0,0.0,0.0,0.0,1.0
-0.1723846672302431,-0.17338603856203885,-1.44022719847431,-0.7368017787909377,0.2351259727473565,-0.8302588044415548,-0.23081814582732912,0.0,1.0,0.0,0.0,0.0,0.0
-0.5321332961366616,-1.0893005431748874,-1.6542163309048235,-1.3652818986912136,-0.2948117965986086,-1.1080877850462445,0.7242399758485771,0.0,1.0,0.0,0.0,0.0,0.0
-0.2443343930115268,0.2257404332213939,-0.4416112471319132,-0.10832165889066188,0.2351259727473565,-0.8874588886836968,-0.7827861886768898,0.0,1.0,0.0,0.0,0.0,0.0
0.1154142358948917,-1.0893005431748874,-1.5828866200946523,-0.7368017787909377,0.2351259727473565,-0.6443585306545931,-0.03638796893133925,0.0,0.0,0.0,0.0,0.0,1.0
-0.5321332961366616,-1.0893005431748874,-1.868205463335337,-1.3652818986912136,-1.3546873352905389,-1.0835734632281837,0.7755182642607064,0.0,1.0,0.0,0.0,0.0,0.0
0.1154142358948917,-0.7317016811723899,-0.5129409579420844,-1.3652818986912136,0.2351259727473565,-0.6341442298970679,1.7156202184830749,0.0,0.0,0.0,0.0,0.0,1.0
-0.10043494144895938,-1.0523871122585005,1.1989721015020243,0.5201584610096139,0.2351259727473565,-0.754672978835867,-0.9593971603496648,1.0,0.0,1.0,0.0,0.0,0.0
-0.1723846672302431,0.7886702546962933,0.9136532582613395,-0.10832165889066188,0.2351259727473565,-0.8302588044415548,-0.7428745875294493,1.0,0.0,0.0,0.0,0.0,1.0
-0.4601835703553779,0.8002057018576642,0.41434528259014114,-0.10832165889066188,-0.2948117965986086,-1.0529305609556077,-0.8981623376041805,0.0,1.0,0.0,0.0,0.0,0.0
0.04346451011360801,0.34340199426737694,-0.5129409579420844,-0.7368017787909377,0.2351259727473565,-0.6790871532301794,-0.07271008988993076,0.0,0.0,0.0,1.0,0.0,0.0
0.3312634132387428,-1.0893005431748874,0.48567499340031234,1.1486385809098898,-2.414562873982469,-0.4625439771706417,-0.9987105147989638,0.0,0.0,1.0,0.0,0.0,0.0
-0.1723846672302431,0.1842128234404587,-0.013632982270886038,0.5201584610096139,-0.2948117965986086,0.9347723664588277,-0.07591498291568884,0.0,0.0,1.0,0.0,0.0,0.0
-0.4601835703553779,-1.0893005431748874,-1.6542163309048235,-0.7368017787909377,-0.2948117965986086,-1.0141162180770114,-0.4231117273728136,0.0,0.0,1.0,0.0,0.0,0.0
1.3385595741767145,1.0078437507623401,-0.4416112471319132,-0.10832165889066188,1.2950015114392868,0.27697139767419443,0.02912004451515573,0.0,0.0,0.0,0.0,0.0,1.0
-0.8199321992617964,0.32263818937690936,-0.37028153632174204,-0.7368017787909377,-0.2948117965986086,-1.347102422772338,-0.7713767695051911,0.0,1.0,0.0,0.0,0.0,0.0
-0.7479824734805126,-0.29796886790484445,0.5570047042104835,0.5201584610096139,-1.3546873352905389,0.26062851646215385,-0.4284532157490771,1.0,1.0,0.0,0.0,0.0,0.0
1.8422076546457005,0.5371975065784079,0.34301557177996994,-0.10832165889066188,1.8249392807852518,0.6692005467631683,0.30260424937984476,0.0,1.0,0.0,0.0,0.0,0.0
-0.5321332961366616,0.04348036807173385,-0.6556003795624268,-0.10832165889066188,-0.2948117965986086,0.2197713134320524,-0.010748824725274653,0.0,1.0,0.0,0.0,0.0,0.0
-0.8918819250430801,-0.13416551821337783,-0.15629240389122842,-0.10832165889066188,-0.2948117965986086,1.3004443335782356,0.742742891583954,0.0,1.0,0.0,0.0,0.0,0.0
0.1873639616761754,0.6156385472757299,-0.29895182551157085,-0.7368017787909377,0.2351259727473565,-0.5728584253519157,0.03839286833634916,0.0,0.0,1.0,0.0,0.0,0.0
-0.7479824734805126,-1.0893005431748874,0.6996641258308259,0.5201584610096139,-0.2948117965986086,0.41180016767352917,-0.3493991877803779,0.0,0.0,0.0,0.0,0.0,1.0
0.5471125905825939,-0.20337820118160316,-0.5842706687522556,-0.7368017787909377,-1.884625104636504,-0.3154580462622765,0.30760388250002746,0.0,0.0,0.0,0.0,0.0,1.0
-0.5321332961366616,0.28341766902824833,0.27168586096979874,-0.7368017787909377,-0.2948117965986086,-1.0733591624706584,-0.4850729925374697,0.0,0.0,0.0,0.0,0.0,0.0
0.1154142358948917,-0.06264574581287832,-0.08496269308105724,0.5201584610096139,-0.2948117965986086,1.3065729140327509,0.11851519398030103,0.0,1.0,0.0,0.0,0.0,0.0
1.1227103968328636,-0.0003543311414755248,1.1276423906918531,1.7771187008101657,1.2950015114392868,0.10537114494776834,-0.9287583830234176,1.0,0.0,0.0,0.0,0.0,1.0
-0.9638316508243637,0.2949531161896192,-1.0122489336132827,-0.7368017787909377,-0.8247495659445737,-0.6178013486850272,-0.00861222937476927,1.0,1.0,0.0,0.0,0.0,0.0
-0.38823384457409416,0.1542206608208944,0.27168586096979874,-0.7368017787909377,-0.2948117965986086,-0.9753018751984148,-0.3825164157132113,0.0,0.0,0.0,0.0,0.0,1.0
-1.2516305539494985,-1.0893005431748874,1.1276423906918531,-0.7368017787909377,-1.884625104636504,-0.1642863950509012,0.4657119384374258,1.0,0.0,0.0,0.0,0.0,1.0
-0.8918819250430801,0.38492960404831217,0.7709938366409971,-0.10832165889066188,-0.2948117965986086,0.4833002729762067,0.1729983754181883,0.0,0.0,0.0,0.0,0.0,1.0
0.4032131390200265,0.39415796177740886,-0.15629240389122842,-0.10832165889066188,0.2351259727473565,-0.38082957111043886,-0.42952151342432976,0.0,0.0,1.0,0.0,0.0,0.0
-0.10043494144895938,-1.0893005431748874,1.056312679881682,2.4055988207104413,0.2351259727473565,2.039959708423072,-0.4704159484330028,1.0,0.0,1.0,0.0,0.0,0.0
-1.0357813766056474,0.5579613114688755,0.6996641258308259,-0.10832165889066188,-0.8247495659445737,-0.015157603991030924,-0.17454022429501725,0.0,0.0,1.0,0.0,0.0,0.0
3.569001073396509,2.897349995794891,1.484290944742709,1.7771187008101657,3.414752588823147,1.9480310016053435,-0.2863696249404691,1.0,0.0,0.0,0.0,0.0,1.0
-0.6040830219179453,0.4910557179329243,0.6283344150206547,1.1486385809098898,-0.2948117965986086,0.9633724085798987,-0.40217309293786097,0.0,0.0,1.0,0.0,0.0,0.0
-0.10043494144895938,-1.0893005431748874,1.1989721015020243,0.5201584610096139,0.2351259727473565,-0.754672978835867,-0.9593971603496648,1.0,0.0,0.0,0.0,0.0,1.0
0.2593136874574591,-1.0893005431748874,0.6283344150206547,1.7771187008101657,0.2351259727473565,1.9991025053929703,-0.26855041971725413,0.0,1.0,0.0,0.0,0.0,0.0
1.5544087515205656,1.86377393013606,1.412961233932538,3.034078940610717,1.2950015114392868,1.6497734194856029,-0.7344991337554682,1.0,0.0,0.0,0.0,0.0,1.0
1.5544087515205656,2.371333605236379,-0.22762211470139962,-1.3652818986912136,1.8249392807852518,0.4261001887340647,3.933406192307663,0.0,1.0,0.0,0.0,0.0,0.0
-0.1723846672302431,-0.40409498178945663,-1.2262380660437964,-0.10832165889066188,-0.2948117965986086,0.9674581288829088,0.5105804407980389,0.0,1.0,0.0,0.0,0.0,0.0
-0.8918819250430801,-1.0893005431748874,-2.153524306576022,-0.7368017787909377,-0.8247495659445737,0.25041421570462846,0.8994407945900186,0.0,0.0,0.0,1.0,0.0,0.0
-0.7479824734805126,-0.2818192418789252,1.2703018123121954,1.1486385809098898,-0.2948117965986086,0.5834004203999552,-0.5611357870154614,1.0,0.0,1.0,0.0,0.0,0.0
0.8349114937077287,1.6099940925859004,0.9849829690715107,2.4055988207104413,0.7650637420933216,1.4495731246381058,-0.6468559924777374,1.0,0.0,0.0,0.0,0.0,1.0
-0.6040830219179453,0.110385961607685,0.7709938366409971,-0.10832165889066188,-0.2948117965986086,0.34030006237085164,0.07330483636360718,0.0,0.0,1.0,0.0,0.0,0.0
-0.3162841187928105,-0.2725908841498285,-0.6556003795624268,-0.7368017787909377,0.2351259727473565,-0.9160589308047677,-0.3205551505485552,0.0,0.0,0.0,0.0,0.0,1.0
-0.7479824734805126,-1.0893005431748874,-0.37028153632174204,-0.7368017787909377,-0.2948117965986086,-1.285816618227186,-0.7072789089900295,0.0,1.0,0.0,0.0,0.0,0.0
-0.02848521566767569,-0.6463393721782452,-0.8695895119929404,-1.3652818986912136,-0.8247495659445737,0.05225678100863646,3.1514122940226925,0.0,1.0,0.0,0.0,0.0,0.0
0.6190623163638775,1.914529897646092,-0.5129409579420844,-0.7368017787909377,0.7650637420933216,-0.2684722627776599,0.35674557556165126,0.0,1.0,0.0,0.0,0.0,0.0
-0.6760327476992289,0.28341766902824833,-0.15629240389122842,-0.7368017787909377,-0.2948117965986086,-1.2204450933790236,-0.6389078577738573,1.0,0.0,0.0,0.0,0.0,0.0
-1.4674797312933496,0.08500797785266904,0.05769672853928516,-1.3652818986912136,-0.8247495659445737,-1.7924459358004439,-0.7072789089900295,0.0,0.0,0.0,1.0,0.0,0.0
-0.6040830219179453,0.629481083869375,-0.4416112471319132,-0.10832165889066188,-0.2948117965986086,-1.1734593098944068,-0.9821732667860522,1.0,0.0,0.0,0.0,0.0,0.0
0.4751628648013102,0.6017960106820849,0.5570047042104835,1.1486385809098898,0.7650637420933216,-0.36040096959538814,-0.9559786077888561,0.0,0.0,1.0,0.0,0.0,0.0
0.04346451011360801,-0.09033081900016846,-0.4416112471319132,-0.7368017787909377,-1.3546873352905389,-0.6790871532301794,-0.07271008988993076,0.0,0.0,1.0,0.0,0.0,0.0
-0.9638316508243637,-1.0893005431748874,-0.5842706687522556,-1.3652818986912136,-0.2948117965986086,-0.3583581094438831,2.2925009631195286,0.0,0.0,0.0,0.0,0.0,1.0
0.4751628648013102,-1.0893005431748874,1.3416315231223668,1.1486385809098898,0.7650637420933216,0.6998434490357444,-0.5124214130239385,1.0,0.0,1.0,0.0,0.0,0.0
-0.8918819250430801,0.3272523682414577,0.12902643934945635,-1.3652818986912136,-0.2948117965986086,-1.3307595415602975,0.25846218943840366,0.0,0.0,0.0,1.0,0.0,0.0
0.1873639616761754,0.4333784821260699,0.48567499340031234,-0.10832165889066188,0.2351259727473565,-0.5912441667154613,-0.5762201501900293,0.0,1.0,0.0,0.0,0.0,0.0
2.130006557770835,0.02502365261354043,0.34301557177996994,-0.7368017787909377,2.354877050131217,0.885743722822706,1.5639219485971927,0.0,0.0,0.0,1.0,0.0,0.0
-1.0357813766056474,-0.4940714696481495,-1.0122489336132827,0.5201584610096139,-0.8247495659445737,-0.42781535459505554,-0.7884695323092341,0.0,0.0,0.0,0.0,0.0,0.0
-1.0357813766056474,0.5718038480625205,0.12902643934945635,-0.7368017787909377,-0.8247495659445737,-1.4696740318626424,-0.899572490535514,0.0,0.0,0.0,0.0,0.0,0.0
-0.6040830219179453,-0.14339387594247455,-1.0122489336132827,0.5201584610096139,-0.8247495659445737,0.4690002519156712,-0.31948685287330253,0.0,1.0,0.0,0.0,0.0,0.0
-0.9638316508243637,-1.0893005431748874,-2.3675134390065353,-0.7368017787909377,-0.8247495659445737,0.1829998307049611,0.828933148023341,0.0,0.0,0.0,0.0,0.0,0.0
-0.10043494144895938,-0.22414200607207077,-2.0821945957658508,-0.10832165889066188,0.2351259727473565,1.3576444178203777,0.7826544927313942,0.0,0.0,0.0,0.0,0.0,1.0
-0.10043494144895938,0.9270956206327439,0.27168586096979874,-0.7368017787909377,0.2351259727473565,-0.7791873006539279,-0.17740326206469453,0.0,0.0,1.0,0.0,0.0,0.0
0.2593136874574591,-1.0893005431748874,-1.5828866200946523,-0.7368017787909377,-0.2948117965986086,-0.14998637399036568,0.4806681058909635,0.0,0.0,1.0,0.0,0.0,0.0
-1.2516305539494985,0.35493744142874784,0.12902643934945635,0.5201584610096139,-0.8247495659445737,-0.07848626868768817,-0.6057906298410238,1.0,0.0,0.0,0.0,0.0,0.0
1.266609848395431,-1.0893005431748874,-0.013632982270886038,-0.7368017787909377,1.2950015114392868,0.24428563525011324,0.8930310085385025,0.0,0.0,0.0,1.0,0.0,0.0
1.6983082030831331,2.048341084717994,1.412961233932538,2.4055988207104413,1.8249392807852518,2.581317648571916,-0.3086329484927351,1.0,0.0,0.0,0.0,0.0,1.0
0.2593136874574591,0.2949531161896192,-0.29895182551157085,-0.10832165889066188,0.2351259727473565,-0.5279155020188041,-0.5320780902485882,0.0,0.0,1.0,0.0,0.0,0.0
-1.4674797312933496,-1.0893005431748874,-2.0108648849556796,-0.10832165889066188,-1.3546873352905389,-0.5871584464124512,-0.5733998443273624,0.0,0.0,0.0,0.0,0.0,0.0
1.3385595741767145,2.3113492799972506,0.9849829690715107,1.1486385809098898,1.2950015114392868,0.24632849540161833,-0.7021510801488167,1.0,0.0,0.0,0.0,0.0,1.0
-0.4601835703553779,-1.0893005431748874,0.8423235474511683,-0.10832165889066188,-0.2948117965986086,0.5997433016119958,0.25418899873739287,0.0,0.0,1.0,0.0,0.0,0.0
3.640950799177793,3.8893984516727875,1.1276423906918531,2.4055988207104413,3.414752588823147,1.9827596241809298,-0.4875087112370458,1.0,0.0,1.0,0.0,0.0,0.0
1.3385595741767145,1.6699784178250292,0.8423235474511683,1.1486385809098898,1.2950015114392868,0.264714236765164,-0.6944593368869972,0.0,0.0,0.0,0.0,0.0,1.0
-0.9638316508243637,-0.009582688870572235,-1.3688974876641387,-0.7368017787909377,-0.8247495659445737,-0.5789870058064308,0.031983082284833014,1.0,0.0,0.0,0.0,0.0,0.0
0.6190623163638775,0.5694967586302464,0.6996641258308259,1.1486385809098898,0.7650637420933216,1.8050307909999885,-0.05006217917457365,0.0,0.0,0.0,0.0,0.0,1.0
0.762961767926445,1.3862064176553053,0.9136532582613395,0.5201584610096139,0.7650637420933216,-0.12547205217230484,-0.6303614763718358,0.0,0.0,0.0,0.0,0.0,1.0
0.04346451011360801,0.9524736043877599,0.20035615015962754,0.5201584610096139,0.2351259727473565,-0.6913443141392098,-0.9262799324168314,0.0,1.0,0.0,0.0,0.0,0.0
-0.2443343930115268,-1.0893005431748874,-1.44022719847431,-0.7368017787909377,0.2351259727473565,-0.9017589097442322,-0.30559898309501754,0.0,1.0,0.0,0.0,0.0,0.0
0.762961767926445,0.47490609190700506,0.41434528259014114,-0.10832165889066188,0.7650637420933216,-0.14590065368735555,-0.26573011385458717,0.0,1.0,0.0,0.0,0.0,0.0
0.3312634132387428,1.813017962626028,0.48567499340031234,-0.10832165889066188,0.7650637420933216,-0.4502868162616113,-0.4779367640667817,0.0,0.0,0.0,0.0,0.0,1.0
0.9068612194890123,0.1011576038785883,0.9849829690715107,1.1486385809098898,1.2950015114392868,0.0073138576755248695,-0.8021437425524686,1.0,0.0,0.0,0.0,0.0,1.0
-0.3162841187928105,-1.0893005431748874,-0.5842706687522556,-0.7368017787909377,0.2351259727473565,-0.9548732736833642,-0.3611504622081575,0.0,0.0,0.0,0.0,0.0,0.0
0.1154142358948917,0.5279691488493111,-0.22762211470139962,-0.10832165889066188,0.2351259727473565,-0.6157584885335222,-0.5933129129940724,0.0,0.0,0.0,0.0,0.0,1.0
1.1227103968328636,-1.0893005431748874,0.9849829690715107,1.7771187008101657,1.2950015114392868,1.933730980544808,-0.2913692580606517,1.0,0.0,0.0,0.0,0.0,1.0
-0.4601835703553779,0.2672680430023291,0.6283344150206547,-1.3652818986912136,-0.2948117965986086,-1.093787763985709,0.7541523107556526,0.0,0.0,1.0,0.0,0.0,0.0
-0.10043494144895938,-0.06956701410970086,-0.15629240389122842,-0.10832165889066188,-0.8247495659445737,0.9429438070648479,0.4934876779939958,0.0,1.0,0.0,0.0,0.0,0.0
-1.4674797312933496,-1.0893005431748874,0.41434528259014114,-0.7368017787909377,-0.8247495659445737,-0.5054440403522482,0.10890051490302681,0.0,0.0,1.0,0.0,0.0,0.0
0.3312634132387428,-1.0893005431748874,0.5570047042104835,1.1486385809098898,0.7650637420933216,-0.4788868583826823,-1.005547619920581,0.0,0.0,1.0,0.0,0.0,0.0
0.04346451011360801,-0.94164681950934,1.3416315231223668,1.7771187008101657,0.2351259727473565,2.2381171431190636,-0.18522320104754417,1.0,0.0,0.0,0.0,0.0,1.0
-0.6040830219179453,-1.0893005431748874,0.6996641258308259,-0.10832165889066188,-0.2948117965986086,0.6365147843390871,0.2798281429434575,0.0,0.0,0.0,0.0,0.0,1.0
-0.5321332961366616,-0.18030730685886137,0.48567499340031234,0.5201584610096139,-0.2948117965986086,0.4097573075220241,-0.35046748545563056,0.0,0.0,1.0,0.0,0.0,0.0
-0.8199321992617964,0.008874026587621186,-0.013632982270886038,-0.7368017787909377,-0.2948117965986086,-0.07235768823317294,0.561858729210168,0.0,0.0,1.0,0.0,0.0,0.0
-1.3955300055120659,-0.03726776205786237,-1.7255460417149948,-0.7368017787909377,-0.8247495659445737,-0.3461009485348526,0.2755549522424467,0.0,1.0,0.0,0.0,0.0,0.0
-0.38823384457409416,0.33186654710600605,0.34301557177996994,-0.7368017787909377,-0.2948117965986086,-0.9712161548954047,-0.3782432250122006,0.0,0.0,0.0,0.0,0.0,1.0
-1.1077311023869312,0.2326617015182164,0.9136532582613395,0.5201584610096139,-0.8247495659445737,0.21364273297753716,-0.45302406227988895,1.0,0.0,0.0,0.0,0.0,1.0
-0.38823384457409416,-1.0893005431748874,-1.868205463335337,-0.7368017787909377,-1.884625104636504,-0.22557219959605337,0.40161407792226433,0.0,1.0,0.0,0.0,0.0,0.0
0.4751628648013102,-1.0893005431748874,-1.3688974876641387,-0.10832165889066188,-0.8247495659445737,0.9878867303979596,0.5248101658324049,0.0,1.0,0.0,0.0,0.0,0.0
0.1873639616761754,1.0770564337305655,-0.15629240389122842,-0.10832165889066188,0.2351259727473565,-0.5626441245943903,-0.5563070815233193,0.0,0.0,1.0,0.0,0.0,0.0
0.1873639616761754,0.2026695388986521,0.6283344150206547,1.1486385809098898,0.2351259727473565,-0.5606012644428852,-1.0397331455286674,0.0,0.0,0.0,0.0,0.0,1.0
-0.8918819250430801,0.4818273602038276,-0.4416112471319132,-1.3652818986912136,-0.8247495659445737,-0.4053438929284997,2.1942175769962806,0.0,1.0,0.0,0.0,0.0,0.0
-1.3955300055120659,-0.21491364834297405,-1.44022719847431,-0.10832165889066188,-0.8247495659445737,-0.3951295921709744,-0.4394780477576848,0.0,1.0,0.0,0.0,0.0,0.0
-1.5394294570746334,-0.24029163209799,-1.0122489336132827,-0.7368017787909377,-1.3546873352905389,-1.2347451144395591,-0.653864025227395,0.0,0.0,1.0,0.0,0.0,0.0
0.9068612194890123,-1.0893005431748874,1.1989721015020243,0.5201584610096139,1.2950015114392868,-0.01924332429404107,-0.5748099972586959,1.0,0.0,0.0,0.0,0.0,1.0
1.6263584773018493,1.822246320355125,0.9136532582613395,1.1486385809098898,1.8249392807852518,0.48125741282470164,-0.6038676940255691,1.0,0.0,0.0,0.0,0.0,1.0
1.3385595741767145,-1.0893005431748874,1.412961233932538,1.1486385809098898,1.2950015114392868,0.27697139767419443,-0.6893315080457844,1.0,0.0,0.0,0.0,0.0,1.0
0.04346451011360801,-1.0893005431748874,0.7709938366409971,0.5201584610096139,0.2351259727473565,0.6549005257026328,-0.22227176442530758,0.0,0.0,0.0,0.0,0.0,1.0
0.3312634132387428,1.1947179947765485,0.8423235474511683,1.1486385809098898,0.7650637420933216,0.7264006310053103,-0.5013111172013107,0.0,0.0,1.0,0.0,0.0,0.0
-0.6040830219179453,-1.0893005431748874,-1.44022719847431,0.5201584610096139,-0.2948117965986086,0.048171060705626316,-0.539556173975357,1.0,1.0,0.0,0.0,0.0,0.0
0.2593136874574591,0.7056150351344228,0.05769672853928516,0.5201584610096139,0.7650637420933216,-0.47480113807967217,-0.8130403788400461,0.0,0.0,1.0,0.0,0.0,0.0
0.2593136874574591,-0.9577964455352592,-0.4416112471319132,-0.7368017787909377,0.2351259727473565,0.832629358883574,1.5083704694840527,0.0,0.0,0.0,0.0,0.0,1.0
-0.6760327476992289,0.6110243684111816,-0.22762211470139962,-0.7368017787909377,-0.2948117965986086,-1.2122736527730034,-0.6303614763718358,0.0,1.0,0.0,0.0,0.0,0.0
-0.38823384457409416,-1.0893005431748874,-0.8695895119929404,-1.3652818986912136,-2.414562873982469,-0.9691732947438997,1.0148169435173093,0.0,0.0,0.0,0.0,0.0,1.0
-0.38823384457409416,0.811741149019035,-0.22762211470139962,-0.7368017787909377,-0.2948117965986086,-0.9855161759559402,-0.39319939246573826,0.0,0.0,0.0,0.0,0.0,1.0
1.1946601226141471,-0.14339387594247455,0.27168586096979874,1.7771187008101657,-0.2948117965986086,2.9122609931157375,0.04980228750804797,0.0,0.0,0.0,0.0,1.0,0.0
-0.8199321992617964,0.6733157830825843,-0.29895182551157085,-0.7368017787909377,-0.2948117965986086,-1.3246309611057823,-0.7478742206496318,1.0,0.0,0.0,0.0,0.0,0.0
-1.611379182855917,-1.0893005431748874,-1.44022719847431,-0.10832165889066188,-1.3546873352905389,-0.807787342774999,-0.7272347095637498,0.0,1.0,0.0,0.0,0.0,0.0
0.1154142358948917,-1.0893005431748874,0.48567499340031234,-0.7368017787909377,0.2351259727473565,1.8581451549391204,2.580941335437755,0.0,0.0,0.0,0.0,1.0,0.0
1.6983082030831331,1.6353720763409165,0.6996641258308259,1.7771187008101657,1.8249392807852518,2.13597413554381,-0.2208616114939741,0.0,0.0,0.0,0.0,0.0,1.0
-0.10043494144895938,0.7655993603735515,0.8423235474511683,1.1486385809098898,0.2351259727473565,1.0553011153976268,-0.36371437662876405,0.0,0.0,0.0,0.0,0.0,1.0
-0.1723846672302431,-0.2702837947175543,0.5570047042104835,0.5201584610096139,-0.8247495659445737,1.4107587817595095,0.1729983754181883,0.0,0.0,1.0,0.0,0.0,0.0
1.482459025739282,1.6146082714504488,1.2703018123121954,3.034078940610717,1.2950015114392868,0.4036287270675089,-1.060329924707539,1.0,0.0,0.0,0.0,0.0,1.0
0.4032131390200265,1.070135165433743,1.6269503663630516,1.1486385809098898,0.7650637420933216,-0.4094296132315099,-0.9764899231537079,1.0,0.0,1.0,0.0,0.0,0.0
-0.10043494144895938,-1.031623307368033,-0.22762211470139962,-0.7368017787909377,0.2351259727473565,-0.7791873006539279,-0.17740326206469453,0.0,0.0,0.0,0.0,0.0,1.0
1.1227103968328636,0.22112625435684552,-0.29895182551157085,-0.10832165889066188,0.2351259727473565,0.10741400509927342,-0.08907641027480194,0.0,1.0,0.0,0.0,0.0,0.0
-0.6040830219179453,-0.2102994694784257,-2.938151125487905,-0.10832165889066188,-0.8247495659445737,-0.22352933944454828,-0.3198287081293833,1.0,0.0,0.0,0.0,0.0,0.0
-0.8199321992617964,0.018102384316717898,0.12902643934945635,-0.7368017787909377,-0.2948117965986086,-1.2939880588332062,-0.7158252903920511,0.0,1.0,0.0,0.0,0.0,0.0
-0.2443343930115268,0.8740325636904378,-1.0122489336132827,-0.7368017787909377,-0.2948117965986086,-0.8813303082291816,-0.2842330295899637,0.0,1.0,0.0,0.0,0.0,0.0
-0.6760327476992289,0.16344901854999108,0.41434528259014114,-0.10832165889066188,-0.2948117965986086,-1.2122736527730034,-1.0092652958304604,0.0,0.0,0.0,0.0,0.0,1.0
-0.4601835703553779,0.6110243684111816,-1.2262380660437964,-0.7368017787909377,-0.2948117965986086,-1.0365876797435671,-0.44661427622837285,1.0,0.0,0.0,0.0,0.0,0.0
-0.38823384457409416,-1.0893005431748874,1.056312679881682,1.1486385809098898,-0.2948117965986086,1.1860441650939515,-0.3090175356558262,1.0,0.0,1.0,0.0,0.0,0.0
-0.38823384457409416,-1.0893005431748874,-0.8695895119929404,-1.3652818986912136,-2.414562873982469,-0.9610018541378794,1.0319097063213523,0.0,0.0,0.0,1.0,0.0,0.0
0.5471125905825939,-1.0893005431748874,0.9136532582613395,0.5201584610096139,0.7650637420933216,1.1594869831243857,0.04159776136210724,0.0,0.0,0.0,0.0,0.0,1.0
2.849503815583672,-0.279512152446651,0.05769672853928516,1.1486385809098898,2.884814819477182,1.453658844941116,-0.19705993928934418,0.0,1.0,0.0,0.0,0.0,0.0
0.9788109452702961,0.6848512302439552,1.1276423906918531,1.1486385809098898,1.2950015114392868,0.033871039645090806,-0.7910334467298406,1.0,0.0,0.0,0.0,0.0,1.0
-0.1723846672302431,0.8924892791486312,0.12902643934945635,0.5201584610096139,0.2351259727473565,1.1574441229728805,0.04052946368685455,0.0,1.0,0.0,0.0,0.0,0.0
0.2593136874574591,-1.0893005431748874,-0.08496269308105724,-0.10832165889066188,-0.2948117965986086,2.311660108573246,1.4478193572507305,0.0,1.0,0.0,0.0,0.0,0.0
1.914157380426984,-1.0893005431748874,1.412961233932538,1.7771187008101657,1.8249392807852518,0.7039291693387545,-0.7200984810930618,1.0,0.0,1.0,0.0,0.0,0.0
-0.6040830219179453,-1.0893005431748874,0.7709938366409971,-0.10832165889066188,-0.2948117965986086,1.5905304750919558,0.9450357393698033,0.0,0.0,0.0,0.0,0.0,1.0
-0.8918819250430801,0.21651207549229717,0.20035615015962754,-0.10832165889066188,-0.2948117965986086,-0.10504345065725411,-0.23722793187884528,0.0,1.0,0.0,0.0,0.0,0.0
0.6910120421451613,0.8071269701544866,0.27168586096979874,-0.10832165889066188,0.7650637420933216,-0.19697215747498237,-0.30132579239400675,0.0,0.0,1.0,0.0,0.0,0.0
-0.2443343930115268,-0.8493632422183729,-0.7982598011827692,-0.10832165889066188,-0.8247495659445737,-0.891544608986707,-0.785606494539557,0.0,1.0,0.0,0.0,0.0,0.0
-1.611379182855917,3.4441301912438713,1.056312679881682,1.7771187008101657,2.884814819477182,2.048131149029092,-0.25145765691321104,1.0,0.0,0.0,0.0,0.0,1.0
-0.5321332961366616,0.027330742045814607,-0.8695895119929404,-0.10832165889066188,-0.2948117965986086,0.9082151844892618,0.4692586867192649,0.0,1.0,0.0,0.0,0.0,0.0
0.9068612194890123,2.2352153287322025,0.41434528259014114,1.7771187008101657,1.2950015114392868,1.2759300117601748,-0.5206686710768893,1.0,0.0,0.0,0.0,0.0,0.0
-1.0357813766056474,-1.0893005431748874,0.9136532582613395,0.5201584610096139,-0.8247495659445737,0.44244306994610527,-0.3333747226515875,1.0,0.0,0.0,0.0,0.0,1.0
-0.7479824734805126,-1.0893005431748874,-1.5828866200946523,-0.10832165889066188,-1.3546873352905389,-0.04171478596059686,-0.19308587193740412,0.0,1.0,0.0,0.0,0.0,0.0
-0.8918819250430801,-1.0893005431748874,0.8423235474511683,0.5201584610096139,-0.2948117965986086,0.41180016767352917,-0.3493991877803779,0.0,0.0,0.0,0.0,0.0,1.0
-0.7479824734805126,-0.2818192418789252,-1.5828866200946523,-1.3652818986912136,-0.8247495659445737,-1.2653880167121352,0.3952042918707482,0.0,0.0,0.0,0.0,1.0,0.0
0.1873639616761754,-0.5217565428354397,-1.0122489336132827,0.5201584610096139,-0.2948117965986086,1.9664167429688892,0.46357534308692044,0.0,1.0,0.0,0.0,0.0,0.0
-0.9638316508243637,0.16575610798226525,1.5556206555528802,1.1486385809098898,-0.2948117965986086,0.8448865197926045,-0.4517421050695857,1.0,0.0,0.0,0.0,0.0,1.0
-1.3235802797307823,-0.3741028191698923,0.5570047042104835,-0.10832165889066188,-0.8247495659445737,-0.09482914989972874,-0.23009170340815724,0.0,0.0,0.0,0.0,0.0,0.0
-1.3955300055120659,-1.0893005431748874,-1.0122489336132827,-1.3652818986912136,-0.8247495659445737,-1.7270744109522815,-0.570536806557685,0.0,0.0,0.0,0.0,0.0,0.0
-0.38823384457409416,0.7263788400248904,0.20035615015962754,-0.7368017787909377,-0.2948117965986086,-0.9916447564104555,-0.3996091785172544,0.0,0.0,1.0,0.0,0.0,0.0
-1.1796808281682147,-1.0893005431748874,-0.9409192228031116,-1.3652818986912136,-0.8247495659445737,-1.5616027386803706,-0.22440835977581297,0.0,1.0,0.0,0.0,0.0,0.0
-0.8199321992617964,0.33186654710600605,0.12902643934945635,-1.3652818986912136,-0.2948117965986086,-1.3348452618633075,0.2499158080363821,0.0,1.0,0.0,0.0,0.0,0.0
0.9788109452702961,-1.0893005431748874,1.3416315231223668,1.7771187008101657,1.2950015114392868,0.02365673888756545,-0.9572605649991595,1.0,0.0,0.0,0.0,0.0,1.0
-1.1796808281682147,-1.0062453236130169,0.6283344150206547,0.5201584610096139,-0.8247495659445737,0.0420424802511111,-0.542761067001115,0.0,0.0,0.0,0.0,0.0,1.0
